Team,Team_abbr,Region_code
00 Nation,00N,EMEA
00 Prospects,00P,EMEA
1 Trick Ponies,1TP,NA
1. Berliner Esport-Club e.V.,BESC,EMEA
100 Thieves,100,NA
100 Thieves Academy,100.A,NA
100 Thieves Challengers,100C,NA
100 Thieves Next,100X,NA
13Noobz Gaming,13N,NA
17 Academy,17A,INT
19esports,19,LAT
2144 Danmu Gaming,2144D,CN
2144 Gaming,2144,CN
269 Gaming,269,PCS
2Kill Gaming,2K,BR
300,300,NA
34united e-Sports Club,34U,EMEA
3BL Esports,3BL,EMEA
3D Revolution,3DR,EMEA
3DMAX,3DMAX,EMEA
3sUP Enterprises,3sUP,EMEA
404 Multigaming e.V.,404,EMEA
42 Gaming,42,EMEA
4Elements Esports,4E,EMEA
4Elements Scuttle Squad,SSQ,EMEA
4everzenzyg,4ZE,EMEA
4Kings,4K,EMEA
4moD,4moD,PCS
5 Hydra Esport,5H,EMEA
5 Ronin,5R,EMEA
5 Ronin Academy,5R.A,EMEA
5Fox E-Sports Club,5Fox,BR
6Sense,6SN,LAT
7more7 Black,77.B,EMEA
7more7 Pompa Team,PT7,EMEA
7more7 Pompa Team Academy,7PT.A,EMEA
7more7 White,77.W,EMEA
7th heaven,7h,JP
7th heaven X,7hX,JP
9z Team,9Z,LAT
A One Man Army,AOMA,EMEA
AaB Esport,AaB,EMEA
Absolute,ABS,PCS
Absolute Legends,AL,EMEA
Absolute Legends CZSK,AL,EMEA
Absolute Legends NA,AL,NA
Absolute Legends Netherlands,AL,EMEA
Absolute Legends Singapore,AL,PCS
Absolved,ABV,EMEA
Absolved Female,ABV.F,EMEA
Abyss Academy,ABY,PCS
Abyss Esports,ABY,PCS
Abyssal Esport Club,ABY,EMEA
Acclaim EmpireX,AEX,PCS
ACE 1,A1,LAT
AceGaming,ACE,EMEA
Acer Green Team,AGT,PCS
AceS GaminG,ACS,LAT
Aces High Esports Club,AH,EMEA
AceZone e-Sports,aZ,BR
AcFun e-Sports Club,ACF,CN
ACTINA PACT,PCT,EMEA
Action Per Minute,APM,EMEA
Action Team eSports,ATE,BR
Activit-E,aVe,EMEA
AD Gaming,ADG,CN
ad hoc gaming,AHG,EMEA
ad hoc gaming Gentlemen's Club,AHG.GC,EMEA
Adive,Adive,EMEA
Adriatic Wolves,AW,EMEA
Adverse,ADV,EMEA
Aegis,AEG,EMEA
Aequilibritas E-Sports,AeQ,EMEA
Aethernum eSports,AET,LAT
Aethra Esports,ATR,EMEA
Aethra Esports Academy,ATR.A,EMEA
Aethra Esports Belgium,ATR.B,EMEA
Aethra Esports Strijders,ATR.S,EMEA
affNity,AFN,NA
Afro Beast,AFB,INT
Afterglow,AGW,EMEA
Aftershock Esports,ASE,EMEA
against All authority,aAa,EMEA
AGD E-Sports,AGD,LAT
AGEM,AGEM,EMEA
AGO Gaming,AGO,EMEA
AGO ROGUE,RGO,EMEA
Agresiv,AGV,INT
Aguilas Doradas,AD,LAT
ahq e-Sports Club Korea,ahq.KR,KR
ahq eSports Club,ahq,PCS
ahq Fighter,AF,INT
ahq Girls,ahq G,INT
ahq Snipers,ahq S,INT
Akademia,AKD,EMEA
Akademia Hatiego 2,AH2,EMEA
AKIHABARA ENCOUNT,AE,JP
Akroma,AKR,EMEA
Albus NoX Luna,ANX,INT
Alice Queen,AQ,INT
AlienTech eSports,ALI,EMEA
Alienware Arena,AWA,KR
Alior Bank Team,AB,EMEA
All Combo,AC,CN
All for One Gaming,A41G,EMEA
All Gamers,AG,CN
All Knights,AK,LAT
Alliance,ALL,EMEA
Alpaka Esports,ALP,EMEA
Alpha Esports,ALF,PCS
Alpha Sydney,AS,PCS
Alpha Team,APT,INT
Also Known As,AKA,NA
ALTERNATE aTTaX,ATN,EMEA
ALTOKEKW Españita,OLE,EMEA
Always With Honor,AWH,EMEA
Anáhuac Esports,ANH,LAT
aNc Outplayed,OP,EMEA
Andes Esports,AE,INT
ANEW Academy,ANW.A,NA
ANEW Blaze,ANW.B,NA
ANEW Dawn,ANW.D,NA
ANEW Esports,ANW,NA
ANEW Genesis,ANW.G,NA
ANEW Hope,ANW.H,NA
ANEW Rising,ANW.R,NA
Anexis eSports,AXS,EMEA
Angry Bats,BATS,EMEA
Angry Bats Academy,BATS.A,EMEA
Anima,ANM,EMEA
Animate eSports,aN,EMEA
Ankora Gaming,ANK,EMEA
ANON,ANON,NA
Anorthosis Famagusta Esports,ANO,EMEA
Anorthosis Famagusta Esports Academy,ANO.A,EMEA
Anorthosis Famagusta Esports Revolution,ANO.R,EMEA
Another Troll Team,ANT,LAT
ANT Gaming,ANT,EMEA
Antares Esports,ANT,LAT
Anubis Gaming,ANB,EMEA
Anyone's Legend,AL,CN
Anyone's Legend.Young,AL.Y,CN
Anzu Esports Club,ANZ,LAT
AOC Gaming,AOC,INT
AOE Gold,AOE,NA
Apex Gaming,APX,NA
Apex Gigachad,APX.G,NA
Apex Pride,APP,NA
ApeX R Gaming,AR,JP
APictureOfAGoose,APG,NA
Apocalypse e-Sports,APO,EMEA
Aqua Force,AQF,PCS
Aqualix Esports,AQLX,NA
Aquatik Esports,AQTK,NA
Aquinas College,AQ,NA
Arctic Academy,ARC.A,EMEA
Arctic Dawn Gaming,ADG,EMEA
Arctic Gaming,ARC,EMEA
Arctic Gaming México,ARC.M,LAT
Area of Effect Brady,AOE.B,NA
Area of Effect Cope,AOE.C,NA
Area of Effect Cows,AOEC,NA
Area of Effect Dinka LFGF,AOE.LF,NA
Area of Effect Dream,AOE.DR,NA
Area of Effect Esports,AOE,NA
Area of Effect eSports,AOE,NA
Area of Effect Ginger Turmeric,AGT,NA
Area of Effect Need Her,AOE.N,NA
Area of Effect Not Zoos,AOE.NZ,NA
Area of Effect Pump,AOEP,NA
Area of Effect Randoms,AOER,NA
Area of Effect Soupy Time,AST,NA
Area of Effect Vice,AOE.V,NA
Area of Effect Will's Kittens,AOE.W,NA
Arena Quesito,AQ,EMEA
Ares Gaming,AG,INT
Aris Esports,AES,EMEA
Arizona State University,ASU,NA
ArmaTeam,ARMA,EMEA
Armored Project,AP,PCS
Armoured Brothers,ARMB,INT
Arsenal,ASN,NA
AS Esports,ASE,VN
As Gordinhas,AS G,BR
AS Trenčín esports,AST,EMEA
Ascension Gaming,ASC,PCS
Ascentia Gaming,ASCG,EMEA
ASD Atlas,ATL,EMEA
ASP Esports,ASP,EMEA
Assassin Sniper,AS,INT
Aston eSports,Aston,INT
Astral Authority,AA,NA
Astralis,AST,EMEA
Astralis SB,ASB,EMEA
Astralis Talent,ASTL,EMEA
ASURA,ASR,KR
Asura eSports,ASR,EMEA
ASUS ROG Army,ASUS,EMEA
ASUS ROG ELITE,ASUS,EMEA
ASUS ROG Female,ASUS.F,EMEA
AT Gaming,AT,EMEA
Atheris Esports,ATH,LAT
Athletico Esports,ATH,PCS
Atlando Esports,ATL,EMEA
ATLAS eSports Team,ATL,EMEA
Atleta Esport,ATE,EMEA
Atleta Esport Academy,ATE.A,EMEA
Atletec,ATL,EMEA
Atomic México,MC2,LAT
ATR esports,ATR,EMEA
ATR esports Denmark,ATR,EMEA
Aurelius Esports,AU,LAT
Aurora,ARA,EMEA
Australs,AUS,LAT
Austrian Force willhaben,AFW,EMEA
Authority E-sports,AES,INT
Auxesis Esports,AUX,EMEA
Auxesis Green,AUX.G,EMEA
Auxesis Red,AUX.R,EMEA
AVANGAR,AVN,INT
Avant Academy,AVA,PCS
Avant Gaming,AV,PCS
Avant Garde Ascension,Av.A,PCS
Avant Garde Redemption,Av.R,PCS
AVEZ Esport,AVE,EMEA
Avia Deceptor,ADE,EMEA
AVIXD,AVI,NA
Aware Gaming,AG,NA
Away from Normal,AFN,EMEA
Awesome,AWE,KR
Awesome Spear,ASP,KR
Awesome Spear Academy,ASP.A,KR
Awsomniac,AwS,EMEA
Axis Empire,AXE,PCS
AXIZ,AXZ,JP
AXIZ Academy,AXZ.A,JP
Axolotl,AXL,EMEA
Axolotl Academy,AXL.A,EMEA
AYM Esports,AYM,EMEA
AZIO Black,AZIO.B,NA
AZIO eSports,AZIO,NA
AZIO White,AZIO.W,NA
Azubu Blaze,AZB,KR
Azubu Frost,AZF,KR
Azules Esports,UCH,LAT
Azules Esports Academy,UCH.A,LAT
Azure Cats,AC,NA
Baby Whales,BW,VN
Back2TheGame Outlaws,B2TG,EMEA
Ban Karma Gaming,BKG,BR
Bandits Gaming,BAN,LAT
Bangkok Titans,BKT,PCS
Barça eSports,BAR,EMEA
Barcelona BG,BBG,LAT
Barrage,BRG,EMEA
Barrage Academy,BRG.A,EMEA
Barrage Esports Retirement Home,BRG RH,EMEA
Barrage.NA,BRG,NA
Bastards Esports,BE,EMEA
Bastille Legacy,BTL,EMEA
Bastu Five,B5,EMEA
Bawk Bawk,BAWK,NA
Bay State College,BSC,NA
bbq Olivers,bbq,KR
BCN Squad,BCN,EMEA
Beast Esports,BST,LAT
Beast Mode,B.Mode,INT
beGenius ESC,BGN,EMEA
Belfast Storm,BSG,EMEA
Bencheados,BEN,LAT
Benched Gaming,BENC,EMEA
Benelux United,BLX,EMEA
Berjaya Dragons,BJD,PCS
Berlin International Gaming,BIG,EMEA
Berlin International Gaming Chroma,BIG.C,EMEA
Beşiktaş Academy,BJK.A,EMEA
Beşiktaş Esports,BJK,EMEA
Besiktas Esports Female,BJK.F,EMEA
Beşiktaş.Oyun Hizmetleri,BJK.OH,EMEA
Bethany Lutheran College,BLC,NA
Beyond Gaming,BYG,PCS
Beyond Gaming Academy,BYG.A,PCS
Beyond The Rift,BTR,EMEA
Bifrost,BFR,EMEA
Bifrost White,BFR.W,EMEA
Big Duck Energy,BDE,NA
Big Gods,BGG,BR
Big Gods Jackals,BGJ,NA
Big One Gaming,BJO,CN
Big Plays Incorporated,BPI,EMEA
Bigetron E-Sports,BGES,PCS
Bigfile Miracle,BFM,KR
Bilibili Gaming,BLG,CN
Bilibili Gaming Junior,BLGJ,CN
Bionic,BNC,EMEA
Bis Esports,BIS,EMEA
BISONS ECLUB,BSO,EMEA
BK ROG Esports,BKR,EMEA
Black Eagles,BK,INT
Black Lion,BL,EMEA
Black Panthers eSports,BP,EMEA
Black Star Gaming,BSG,INT
Blackbean,BB,PCS
BLACKLIST,BLK,NA
Blade Edge,BDG,EMEA
BloodRain-Gaming,BRG,EMEA
Bloody Gaming,BDY,NA
Bloody Wolves,BW,EMEA
BloodyDevils,BD,EMEA
Blue Esports,BLU,NA
BlueWhites,BW,EMEA
Boavista FC,BFC,EMEA
Boba Marines,BM,PCS
Boca Juniors Gaming,BOC,LAT
Bogged,BOG,NA
Boise State University,BSU,NA
Bombers,BMR,PCS
Bombers Academy,B52,PCS
BOOM Esports,BME,PCS
Born to Kill,B2K,INT
Boutgamers sexy edition,BGse,EMEA
BowQen Blackbucks,BQB,JP
BPZ,BPZ,KR
Brave e-Sports,BRV,BR
Braves Rising,BRR,LAT
BrawL eSports,BWL,INT
BrawL.NA,BWL,NA
Bren Esports,BRE,PCS
Bring It On,BIO,LAT
BRION,BRO,KR
BRION Academy,BRO.A,KR
BRION Challengers,BRO.C,KR
Brussels Guardians,BG,EMEA
Brussels Guardians Academy,BG.A,EMEA
BRUTE,BRT,EMEA
BRUTE Talents,BRT.T,EMEA
Bucks Vipers,VIP,EMEA
BUFF,BUFF,INT
Buff Katarina,KAT,NA
Bulldog Esports,BDG,EMEA
Bullets eSports,BLT,INT
Burger Flippers,BGF,EMEA
Burning Core,BC,JP
Burning Core Academy,BC.A,JP
Bursaspor Academy,BS.A,EMEA
Bursaspor Esports,BUR,EMEA
Burst The Sky Esports,SKY,VN
BuzzKill,BK,EMEA
Byteway Esports,BWE,EMEA
Cal Esports,CAL,NA
Call Gaming,CG,NA
Campus Party Sparks,SPK,EMEA
Capital Esports,CAP,PCS
Carleton University,CU,NA
Carpe Diem,CD,INT
Case Esports,CASE,EMEA
CASLA Esports,SL,LAT
Cattleya Gaming,CTG,LAT
CB Gaming,CB,NA
CBS Esports,CBS,EMEA
CC Club,CC,CN
CCfuture,CCF,CN
CCG Esports,CCG,NA
Celestial Gaming,CG,EMEA
CenturySoft,CSoft,INT
Cerberus e-Sports Club,cBs,EMEA
Cerberus eSports,CRB,NA
CERBERUS Esports,CES,VN
Chaotic Fusion,CEF,NA
Charlotte Phoenix,CLT,NA
Cheetahs,CHT,INT
Cherry Esports,CR,VN
Chi Army,CHI,LAT
Chicks Dig Elo,CDE,NA
Chiefs Academy,CHFA,PCS
Chiefs Esports Club,CHF,PCS
Chienhsin Bear (健行熊),UCH,PCS
ChiLeanFivE,CL5,INT
ChiLeanFivE Hopes,CL5.H,INT
ChiLeanFivE The Legacy,CL5.L,INT
Chilli Esport,CHIL,EMEA
Chilly Mountain Chipmunks,CMC,NA
Chilly Mountain Wolves,CMW,NA
China e-Sports Academic,CEA,CN
Chivas Esports,CHI,LAT
Chong Qing Gaming,CQG,CN
Chungnam Juego Esports,CNJ,KR
Chunnam Techno University,CTU,KR
Cidade Curiosa Esports,CCS,EMEA
Cienciano Esports,CCC,LAT
ÇİLEKLER,CLK,EMEA
Cincinnati Fear,FEAR,NA
CJ Entus,CJ,KR
CJ Entus Blaze,CJB,KR
CJ Entus Frost,CJF,KR
Cleary University,CU,NA
Cleveland State University,CSU,NA
CLG Academy,CLG.A,NA
CLG Black,CLB,NA
CLG Challengers,CLGC,NA
CLG Faith,CLGF,NA
CLN Vipers,CLN.V,EMEA
Cloud9,C9,NA
Cloud9 Academy,C9.A,NA
Cloud9 Amateur,C9.Am,NA
Cloud9 Challenger,C9C,NA
Cloud9 Challengers,C9C,NA
Cloud9 Eclipse,C9E,EMEA
Cloud9 Tempest,C9T,NA
CLUB Activist,ACT,INT
Club Deportivo Municipal,CDM,LAT
Clutch Gaming,CG,NA
Clutch Gaming Academy,CG.A,NA
CNB e-Sports Club,CNB,BR
CNB Infinity,CNBI,BR
CNJ Esports,CNJ,VN
COGnitive Gaming,COG,NA
Coliseo Dragons,CdR,LAT
Colorado State University,CSU,NA
Columbia College,CC,NA
Comanche,CMCE,INT
Comando Élite,CE,EMEA
compLexity Academy,CLA,NA
compLexity Gaming,COL,NA
compLexity.Black,CLB,NA
compLexity.Red,CLR,NA
compLexity.White,COW,NA
Connecting Esports,CE,EMEA
Connecting Esports LYVT,LYVT,EMEA
CONQUEROR Gaming,CQR,NA
Contingent Esports,CON,NA
Converse University,CU,NA
Convict of Shadows,CoS,EMEA
ConViction,CV,NA
ConViction Moon,CV.M,NA
ConViction Sun,CV.S,NA
Copenhagen Flames,CF,EMEA
Copenhagen Wolves,CW,EMEA
Copenhagen Wolves Academy,CWA,EMEA
Corax Gaming,CX,EMEA
Córdoba Patrimonio eSports,CPH,EMEA
Core Dynamic,CDY,EMEA
COS City Hawk (城市蒼鷹),TPCU,PCS
Coscu Army,CA,LAT
Cosmic Vipers,CV,NA
Cosmic Wolf Esports,CW,NA
Cougar E-Sport,CGE,INT
Could Be Better,CBB,EMEA
Counter Counter Clockwise,CCC,EMEA
Counter Logic Gaming,CLG,NA
Counter Logic Gaming Europe,CLG.EU,EMEA
cowana Gaming,COW,EMEA
CowBoySquad Imperials Esports,CBI,EMEA
CowBoySquad Imperials Esports Academy,CBI.A,EMEA
CPLAY,CP,EMEA
CR4ZY,C4,EMEA
Cream Esports,CRM,LAT
Cream Real Betis,BTS,EMEA
Cremas Esports,CRE,LAT
Crest Gaming Act,CGA,JP
Crest Gaming Act Academy,CGA.A,JP
Crew e-Sports Club,CEC,EMEA
Crimson Gaming,CRM,PCS
CrossGaming,CG,INT
CrowCrowd,CC,INT
Cruzados Esports,UC,LAT
Cruzeiro Academy,CRZ.A,BR
Cruzeiro eSports,CRZ,BR
Crvena zvezda Esports,CZV,EMEA
Crypto Esports,CRY,EMEA
Crypto Esports.CIS,CRY,INT
Cryptova,OVA,EMEA
Crystal Cave Gaming Emerald,CCGE,NA
CSG Gaming,CSG,INT
CST Team (幼華戰龍),CST,PCS
CTBC Flying Oyster,CFO,PCS
CTRL PLAY,CPT,INT
CTRL PLAY Academy,CPT.A,INT
CTU Pathos,CTU P,KR
Cube Adonis,ADN,VN
Curse Academy,CA,NA
Cursed Rage,CSR,INT
CUT Esports,CUT,INT
Cyber Gamer e-Sports,CGE,BR
Cyber Gaming,CG,EMEA
Cyber Gaming Academy,CG.A,EMEA
Cyber Wolves,CWE,EMEA
Cyberground Gaming,CGG,EMEA
Cyberground Gaming Academy,CGG.A,EMEA
Cyborg Factory,CGF,EMEA
Cycle Esports,CYL,INT
Cyclone,CL,JP
Cyzone,CYZ,PCS
Czas na zasady,CNZ,EMEA
Czeska Husaria,CZH,EMEA
D-City Gaming Stars,DCG,EMEA
D-City Gaming Stars Gold,DCG.G,EMEA
D7G Esports Club,D7G,CN
Da Dancing Demons,D3,LAT
Dadslammers,DAD,NA
Dai Dai Gaming,DaiDai,BR
DAN Gaming,DAN,CN
Dare Black,DARE.B,NA
Dare Gaming,DARE,NA
Dare White,DARE.W,NA
Dark Allegiance,DA,NA
Dark Crows,DCR,LAT
Dark Horse,DHX,LAT
Dark Matter,SNDM,NA
Dark Passage,DP,EMEA
Dark Passage Academy,DP.A,EMEA
Dark Passage White,DPW,EMEA
Dark Quality,DQT,LAT
Dark Tigers,DTG,EMEA
Dark Tigers Academy,DTG.A,EMEA
Dark Wolves,DW,KR
Dark Zone,DZ,EMEA
Darkness Eagles Esports,DEGs,INT
DarkSpawn Gaming,DSG,EMEA
DarlingYou,DLY,INT
Dash9 Gaming,D9,INT
Dawn Esports,DWN,NA
Dawn Esports Blaze,DWNB,NA
Dawn Esports Quake,DWNQ,NA
Dawn Esports Shock,DWNS,NA
Dawn of Stars,DoS,EMEA
DayDreamers,DD,EMEA
Dead Rabbits Club,DR,EMEA
Deep Cross Gaming,DCG,PCS
Defenders (防衛者),DFD,INT
DeftCarry,DEFT,INT
Defusekids,DK,EMEA
Dejice,Dejice,EMEA
Deliverance Esports,DVE,LAT
Deliverance Esports Peru,DVE.P,LAT
Delta Five,DT5,EMEA
Delta Fox,DFX,NA
DELTALAND,DLT,EMEA
Demise,DMS,EMEA
Demise Academy,DMS.A,EMEA
Demolition Falcons,DF,EMEA
DengKaiLi Game Team,DKL,CN
Denial eSports,DNL,NA
Denial eSports.East,DNL.E,NA
Denial eSports.Europe,DNL.EU,EMEA
Departed,DPD,EMEA
Depor Cali Legends,DCL,LAT
Des Moines DMG,DMG,NA
Descuydado Aucas Esports,DSC,LAT
Destined For Glory,DFGL,NA
Determined Gaming,DTG,NA
DetonatioN FocusMe,DFM,JP
DetonatioN FocusMe Academy,DFM.A,JP
DetonatioN Rising,DNR,JP
DeToNator,DTN,JP
devils.one,DV1,EMEA
Dewish Team,DWT,PCS
Dexterity Team,deX,BR
Diablo Chairs,DC,EMEA
Diabolus Esports,DBL,EMEA
Diamant Esports,DIA,EMEA
Diamond Doves,DD,LAT
Diamond Team,Diamond,PCS
Different Dimension,DD,EMEA
Different Dimension Blue,DD B,EMEA
Digital Paradox,DGPX,EMEA
Dignitas,DIG,NA
Dignitas Academy,DIG.A,NA
Dignitas Challengers,DIGC,NA
Dignitas Mirage,DIG.M,NA
Dimegio Club,DMG,EMEA
Dinka Never Homeless Again,DNHA,NA
Dire Cubs,DC,PCS
Dire Wolves,DW,PCS
Direct Rising eSports,DRE,EMEA
Dirt Nap Gaming,DNG,NA
Disguised,DSG,NA
Divine Vendetta,DV,INT
DIVIZON,DIV,EMEA
DJ Team (稻江哈士奇),DJT,PCS
DK Crew,DK,NA
DKB Diamonds,DKB,EMEA
DnH Advance,DnH.ADV,INT
Dolphins,DOL,INT
Dom Spokojnej Starości,DSS,EMEA
Domino Computer,DCT,EMEA
Domino esports,DMN,EMEA
Dominus Esports,DMO,CN
Dominus Esports Young,DMOY,CN
Domme Jongens,DOM,EMEA
DomoSoCute,DSC,INT
Double Crunch Team Italy,DCTI,EMEA
DoubleBuff,DBB,NA
Douyin Tony Top,DTT,NA
Doxa Gaming,DOXA,EMEA
DP5 Makios,DP5M,LAT
Dplus Esports Academy,DEA,KR
Dplus KIA,DK,KR
Dplus KIA  Academy,DK.A,KR
Dplus KIA Challengers,DK.C,KR
Dragon Army,DA,INT
Dragon Army Academy,DA.A,INT
Dragon Gate Team,DG,INT
Dragon Team,Dragon,INT
DragonBorns,DB,EMEA
Dragonfly Gaming,DFG,JP
Dragons E.C.,DRG,EMEA
Dramatik Gaming,DRMTK,NA
Dramatik Royal,DKR,NA
Dream Catcher Gaming,DCG,INT
Dream or Reality,DoR,INT
Dream Team,DT,NA
Dream VGirls,DVG,CN
DreamCatcher,DC,CN
DREN Esports,DREN,EMEA
Dropz Esports,DRZ,EMEA
Druidz E-Sport Europe,Druidz EU,EMEA
DRX,DRX,KR
DRX Academy,DRX.A,KR
DRX Challengers,DRX.C,KR
DS Gaming,DS,CN
Dsyre Esports,DSYR,EMEA
Duck In a Box,DIAB,PCS
Ducks on Fire,DoF,INT
Dulcet Essence,eS,PCS
Dusty,DY,EMEA
Dutch Community Team,DCT,EMEA
Dylema Gaming,DYL,LAT
Dynamo Eclot,DNE,EMEA
Dynamo Eclot Academy,DNE.A,EMEA
Dynamo Esports,DNM,EMEA
Dynasty,DYN,EMEA
Dynasty Academy,DYN.A,EMEA
Dynasty Gaming,DNS,INT
Đạt Gaming,DG,VN
E WIE EINFACH E-SPORTS,EWI,EMEA
e-Champ Gaming,ECG,BR
E-corp Gaming,EC,EMEA
E-corp Gentle,ECG,EMEA
e-Meryci,eM,EMEA
e-mFire,EMF,KR
E-nsane Gaming,E-NS,EMEA
e-Sports Dragons Pro,EDP,INT
e.Hub United,EHU,PCS
e.o.s Gaming,EOS,PCS
E9Sports,E9S,INT
Eanix,ENX,NA
Earth Revolution Gaming,ERG,EMEA
EAS Team ESCA Gaming,EAS,EMEA
Eat Sleep Game,EAT,KR
EBD LEGENDs,EBD,INT
EBRO,EBG,LAT
Echo Fox,FOX,NA
Echo Fox Academy,FOX.A,NA
Eclipse Gaming,ECG,LAT
Eclypsia,EC,EMEA
Eclypsia.Luna,EC,EMEA
ECORP,ECP,EMEA
Edelweiss Europe,EDW.EU,EMEA
EDG Youth Team,EDGY,CN
EDward Esports,EDE,CN
EDward Gaming,EDG,CN
eEriness,eE,EMEA
EFIVE Esports,E5,EMEA
EFS,EFS,KR
EGN Esports,EGN,EMEA
EGN Esports Academy,EGN.A,EMEA
Ego Geniuses,EGO,NA
EGZ Esports,EGZ,INT
EHOME,EHOME,CN
Eintracht Frankfurt,SGE,EMEA
Eintracht Spandau,EINS,EMEA
eKoVy,EKV,EMEA
ELaB x EXP,EXP,KR
Elan DEspoir,EDE,EMEA
Element Mystic,EM,KR
Elementalist,EL,EMEA
Elementaries Esport Club,ELMT,EMEA
Elements,EL,EMEA
Elements Pro Gaming,EPG,INT
Elite Masters,eM,INT
Elite Wolves,EW,INT
EloHell,EH,EMEA
ELR Gaming,ELR,LAT
ELROY Gaming,ELG,KR
Elyandra Esport,EYA,EMEA
Elysium Gaming,ELY,EMEA
Ember,MBR,NA
Emissary Esports,EMS,NA
eMonkeyz,EMZ,EMEA
Emperor Gaming,ERG,EMEA
Emprox,EMP,PCS
Empyreans,EMPY,NA
ENCE,ENCE,EMEA
Enclave,ENC,EMEA
ENEMI3S,NM3,EMEA
Enemy,NME,NA
Energy Pacemaker,EP,CN
Energy Pacemaker.All,EPA,CN
Energy Pacemaker.Carries,EPC,CN
Energy Pacemaker.YCSM,EP.Y,INT
Enix Esports,ENIX,INT
eNsure,eN,EMEA
Entropiq,EIQ,EMEA
EPIC-DUDES,ED,EMEA
EPIK Gamer,EPIK,NA
Epiphany Bolt,EB,EMEA
Epsilon Esports,EPS,EMEA
ERKO Esports,ERKO,EMEA
ES Sharks,ESS,KR
ESC Ever,ESC,KR
ESC Gaming,ESC,EMEA
ESC Gaming Europe,ESC EU,EMEA
ESC Gaming Omega,ESC,EMEA
ESC Shane,ESC,KR
ESCORT P9,P9,EMEA
ESCORT P9 Academy,P9.A,EMEA
Espectro eSports,EPT,EMEA
Espergærde eSport,ESP,EMEA
Esport Academy,EAC,EMEA
Esport Empire,EE,EMEA
eSport Rhein-Neckar,ERN,EMEA
Esport STUBA,STU,EMEA
Esports Academy,EAC,EMEA
ESports Connected,ESC,KR
eSports Nord e.V.,Nord,EMEA
Esports Performance Center,EPC,EMEA
Estadio Quesito,EQ,EMEA
eStar,ES,CN
eStar Young,ESY,CN
Estonian Vipers,EV,EMEA
Estoril Praia eSports,EPE,EMEA
ESTORM,STM,LAT
Estral Esports,EST,LAT
Estúdio XP e-Sports,EXP,BR
eSuba,ESB,EMEA
eSuba Academy,ESB.A,EMEA
ESUG Ultimate Five Feeder,UFF,EMEA
Et cetera,ETC,EMEA
Eternal Fire,EF,EMEA
Eternals Gaming,ESG,LAT
Eternity Gaming,EG,EMEA
Ethernum Esports,ETN,LAT
eUnited,EUN,NA
EURONICS Gaming,ESG,EMEA
Europe Saviors Anonymous,EUS.A,EMEA
Europe Saviors Club,EUS,EMEA
Ever8 Winners,EEW,KR
Evil Geniuses,EG,NA
Evil Geniuses Academy,EG.A,NA
Evil Geniuses Challengers,EGC,NA
Evil Geniuses Prodigies,EG.P,NA
Evil Geniuses.EU,EG,EMEA
Evilvice Esports,EVV,LAT
Evolve,EVO,EMEA
EVOPLAY,EVO,EMEA
EVOS Esports,EVS,VN
Ex Nihilo,EXN,EMEA
exceL Academy,xL.A,EMEA
Excel Esports,XL,EMEA
Excess Success,ES,EMEA
eXeAt eSports Club,eXeAt,INT
exeed,EXD,EMEA
Exgs,Exgs,PCS
Exile,Exile,PCS
EXILE esports,EXE,EMEA
Exilium Gaming,ExG,LAT
Exilium Hunters,TEX,LAT
eXtatus,EXT,EMEA
eXtreme Divide e-Sport Team,eMD,INT
eXtreme Divide ExeCuTioNeR,eMD.E,INT
Extreme Team,ET,EMEA
EYES ON U,EOU,EMEA
EYES ON U Europe,EOU.EU,EMEA
Eyeshield Gaming,EYE,EMEA
F-Soul Esports,FS,INT
F3VP,F3VP,NA
Fact Revolution,Fact,EMEA
Falafel Gaming,FLFG,NA
Falcon E-Sports,FLN,EMEA
Falcons,FAL,EMEA
FALKN,FLK,EMEA
Falkol,FKL,BR
Falkol Academy,FKL.A,BR
Falkol Storm,STM,BR
Fallen Gods,FG,EMEA
False Facade Gaming,FF,NA
Fanshawe College,FC,NA
Fantasy Gaming,FSY,LAT
Far East Eagle (遠大鷹),FEU,PCS
Fatal Ambition,FTA,LAT
FC Nantes Esports,FCN,EMEA
FC Schalke 04 Esports,S04,EMEA
FC Schalke 04 Evolution,S04E,EMEA
Feel our Skill Female,FoS.F,EMEA
Feint Gaming,FNT,LAT
FEN1X eSports,F1X,EMEA
Fenerbahçe Academy,FB.A,EMEA
Fenerbahçe Esports,FB,EMEA
FENNEL,FL,JP
FENNEL Academy,FL.A,JP
Fenris eSports Academy Blue,FES,EMEA
Fervent Esports,FV,PCS
FH eSports,FH,EMEA
Fiction eSports,FCN,NA
Fidelis,FD,NA
Final Five,F5,NA
Finetwork KOI,FNK,EMEA
Fire Dragoon Esports,FDG,PCS
Fireball,FBL,INT
First Blood Crusade,FBC,NA
Fish Dive Team,FD,INT
Fisher College,FC,NA
Fission Esports,FIS,NA
Five Kings,5K,EMEA
Flama Esports,FL,EMEA
Flamengo Academy,FLA.A,BR
Flamengo Esports,FLA,BR
Flash Husky,FH,INT
Flash Wolves,FW,INT
Flash Wolves Junior,FWJ,INT
Flashdive,FD,PCS
Flayn eSports,FYN,EMEA
Flayn eSports CZSK Edition,FYN.CZ,EMEA
Florida Southern College,FSC,NA
Florida State Esports Garnet,FSU,NA
Fløng Esports Elite,FLG.E,EMEA
Fluffy Tail,FT,EMEA
Fluxo,FX,BR
Fluxo Academy,FX.A,BR
FLY FAM,FLYF,NA
Fly5,FLY5,EMEA
Fly5 Academy,F5.A,EMEA
FlyQuest,FLY,NA
FlyQuest Academy,FLY.A,NA
FlyQuest Challengers,FLYC,NA
FM eSports,FM,EMEA
Fnatic,FNC,EMEA
Fnatic Academy,FNC.A,EMEA
Fnatic Rising,FNC.R,EMEA
Fnatic TQ,FNTQ,EMEA
For The Win,FOR,INT
For The Win Esports,FTW,EMEA
Force of Nature,FON,INT
Forger Esports,FGE,INT
Formulation Gaming,FMG,EMEA
Fortius,Fortius,PCS
Fortress Esports,FTS,EMEA
Fourth Wall,4W,EMEA
Fox B,Fox B,KR
Fox Gaming,FXG,EMEA
FPT Hanoi,FPTHN,VN
FPT Ho Chi Minh,FPTHCM,VN
Frag eXecutors,Fx,EMEA
Fram Reykjavík Esports,FRAM,EMEA
Frank Esports,FAK,PCS
Frank Fang Gaming,FFG,NA
Fraternitas,FTS,EMEA
Freedom Dive,FDV,INT
FreePi,FIP,EMEA
French Bees,FB,EMEA
Freshsterious,FRS,EMEA
Friends Forever Gaming,FFQ,VN
FROM ZERO TO HERO,Z2H,EMEA
Frost Aura,FA,NA
FrostFire,FF,NA
FroztFire Team,FzF,LAT
Fruition Esports,FRE,NA
FTV Esports,FTV,VN
Fuego,FUE,LAT
Fugitive Gaming,FUG,NA
Fukuoka SoftBank HAWKS gaming,SHG,JP
Fukuoka Softbank HAWKS gaming Academy,SHG.A,JP
Full Louis,FL,PCS
Full Spectrum,FS,NA
Fullclear Esports,FC,EMEA
FunPlus Phoenix,FPX,CN
FunPlus Phoenix Blaze,FPB,CN
FURIA,FUR,BR
FURIA Academy,FUR.A,BR
Furious Gaming,FG,LAT
Furious Gaming Academy,FG.A,LAT
Furious Gaming Argentina,FG.AR,LAT
Furious Gaming Chile,FG.CL,LAT
Furious Gaming Red,FGR,INT
FUT Esports,FUT,EMEA
Future Perfect,FP,INT
Future Perfect Azure,FPA,INT
Future Perfect Blue,FPB,INT
Future Perfect Demacia,FPD,INT
Future Perfect Ionia,FPI,INT
Future Perfect Noxus,FPN,INT
Future Perfect Orange,FPO,INT
Future Perfect Purple,FPP,INT
Future Perfect UA,FPU,INT
Future Perfect Zaun,FPZ,INT
FXOpen e-Sports,FXO,NA
Fylkir Esports,FYL,EMEA
G-Pride,GP,LAT
G-Rex,GRX,PCS
G-Rex Infinite,GRI,INT
G2 Arctic,G2AR,EMEA
G2 Esports,G2,EMEA
G2 Hel,G2H,EMEA
G2 Heretics,G2H,EMEA
G2 Vodafone,G2V,EMEA
g3nerationX,g3x,BR
Gaia Esports,GE,EMEA
Galactic Gamers,GLG,INT
Galakticos,GAL,EMEA
Galakticos Academy,GAL.A,EMEA
Galatasaray Academy,GS.A,EMEA
Galatasaray Esports,GS,EMEA
Galaxy Racer Esports EU Female,GXR.EU,EMEA
Galaxy Racer Esports EU Male,GXR,EMEA
Galaxy Racer Esports MENA Female,GXR,EMEA
Galaxy Racer Esports MENA Male,GXR,INT
GAM Esports,GAM,VN
Gama Dream,GD,CN
Gama E-Sport Dream (伽马电子竞技),GED,CN
Gamania Bears,GAB,INT
Gambit Esports,GMB,INT
Gambit Gaming,GMB,EMEA
Game Changers,GC,EMEA
Game Coach Academy,GCA,KR
Game Talents,GT,CN
Gameburg Team,GBT,EMEA
GameEkstra,GE,EMEA
Gamefy,GFY,CN
gamehoppers.eu,gh,EMEA
Gameplay DNA,DNA,EMEA
GamerLegion,GL,EMEA
Gamers2,G2,EMEA
GamersOrigin,GO,EMEA
GamersOrigin Academy,GO.A,EMEA
Gamespace Mediterranean College Esports,GSMC,EMEA
GameWard,GW,EMEA
GameWard Academy,GW.A,EMEA
Gaming Gaming,GG,LAT
Gaming Team Kravaře,GTK,EMEA
Gaminggear.EU,GG.EU,INT
Gamtee,GT,CN
GashBears,GB,INT
GC Busan (2020 Korean Team),GCB,KR
GC Busan Ascension,GCA,KR
GC Busan Rising Star,GCB,KR
Geekay Esports,GK,EMEA
GeekCase eSports,GCE,EMEA
GeekSide Esports,GSE,LAT
Gen.G,GEN,KR
Gen.G Academy,GEN.A,KR
Gen.G Global Academy,GEN.GA,KR
Genbu Gaming,GNGG,LAT
Genius Esports,GE,VN
Gentlemen's Academy,GG.A,EMEA
Gentlemen's Gaming,GGM,EMEA
Gentside,Gent,EMEA
George Mason University,GMU,NA
German Pingus,PNGU,EMEA
GF-Gaming,GF,EMEA
GG Call Nash,GG CN,EMEA
GG Esports Academy,GGEA,NA
GG&amp;Beer,GG,EMEA
GGEsports,GGE,EMEA
GGEsports Academy,GGE.A,EMEA
Giants,GIA,EMEA
Giants Academy,GIA.A,EMEA
Giants Gaming,GIA,EMEA
Gifted Gaming,GFTD,EMEA
Ginger Turmeric,GTC,NA
Girlfriends,GFS,NA
GJR,GJR,KR
Glacial Phoenix,GPX,INT
Glacial Red,GR,NA
Glaive Esports Prime,GLV,NA
Globant Emerald,GET,LAT
GLORE,GLR,EMEA
Glorious Gaming,GG,EMEA
Glorious Gaming Belgium,GG.BE,EMEA
GnG Esports,GnG,EMEA
Go To Sleep,GTS,PCS
Goat Esports,GOT,LAT
God's Plan,GDP,LAT
Gödel Gamers,GODL,NA
Godlike Goats,GLG,LAT
Godsent,GOD,EMEA
GOEXANIMO,GOEX,EMEA
Gold Coin United,GCU,NA
Gold Gaming LA,GG,NA
Golden Guardians,GG,NA
Golden Guardians Academy,GG.A,NA
Golden Guardians Challengers,GGC,NA
Good Game Esport,GGE,EMEA
Good Team Multigaming,GTM,INT
Goose Gaming,GOOS,NA
Goskilla,GSK,EMEA
Grand View University,GVU,NA
Granit Gaming,GRNT,EMEA
Gravitas,GRV,PCS
Gravitas Academy,GRVA,PCS
Gravity,GV,NA
Gravity Elite,GVE,LAT
Greek Regenesis eSports,GRE,EMEA
Griffin,GRF,KR
Grim Ravens,GR,EMEA
Gripen Esport,GRP,EMEA
Groovy Gaming,Groovy,INT
GrosBill Esport,GB,EMEA
Ground Zero Gaming,GZ,PCS
Grow uP eSports,GuPE,EMEA
Grow uP Girls EU,uP EU,EMEA
Grypciocraft Esports,GRP,EMEA
GSG,GSG,KR
GSI Gaming,GSI,EMEA
GTZ Esports,GTZ,EMEA
Guarp Gaming,GUAP,EMEA
Guasones,GSNS,EMEA
Guerreros del Mouse,GDM,INT
Gunrunners,GRS,EMEA
Guru Gaming,guru,EMEA
H2k-Gaming,H2K,EMEA
Hafnet eSports,HAF,LAT
Hall of Fame,HOF,VN
HANAGUMI KAREN,HNK,JP
Handless,SAD,INT
HanGong Clan,HGC,CN
Hannibal Knights,HNK,INT
Hanoi Dragons,HND,PCS
Hanoi Fate,HF,PCS
Hanoi Phoenix,HNP,PCS
Hanover Hounds,HH,EMEA
Hanwha Life Esports,HLE,KR
Hanwha Life Esports Academy,HLE.A,KR
Hanwha Life Esports Challengers,HLE.C,KR
Hard Random,HR,INT
HarmoniX Gaming,HXG,JP
Harrisburg University,HU,NA
Havan Liberty,HL,BR
Havan Liberty Academy,HLA,BR
Havoc,HVC,EMEA
Headhunters,HH,PCS
Heat Wave,HW,INT
Heavy Artillery,HAT,INT
Heavy Botlane,HB,EMEA
HEET,HEET,EMEA
Heimerdinger's Colossi,HC,EMEA
HELL PIGS,HPS,PCS
Hellions e-Sports Club,HLN,PCS
Heracles Gaming,HG,EMEA
Herbalife Real Betis,BTS,EMEA
Here For T-Shirt,H4T,NA
Heroes of the Universe E-Sports Brazil,HUE BR,BR
Heroes Team,HT,EMEA
Hertha BSC eSport,BSC,EMEA
Hex Alligators,HEX,JP
Hexagone Esports,HEXA,EMEA
HG Esports,HG,EMEA
High Tempo Esports,HTE,INT
Hillerød eSport,HeS,EMEA
Hive Athens Academy,HIVE.A,EMEA
Hive Athens EC,HIVE,EMEA
HK Attitude Priest,HKA.P,INT
HNVR Esports,HNVR,EMEA
Hokuto Esports,HKT,JP
Holy Knights,HK,LAT
Homyno Pulsia Esport,HPL,EMEA
Hong Kong Attitude,HKA,PCS
Hong Kong Attitude Mage,HKA.M,INT
Hong Kong Carries,HKC,INT
Hong Kong Esports,HKES,INT
HongKongNine,HKN,INT
Hooked Esports,HK,LAT
Hoon Good Day (훈수좋은날),HGD,KR
Horizon Gaming,HZG,NA
HOU GAMING,HOU,KR
Howling eSports,HES,EMEA
Huma,HMA,EMEA
Humanoids5,H5,LAT
Hungkuang Falcon (弘光獵鷹),HKF,PCS
Hurricane Gaming,HG,PCS
Hurricane of Feathers,HOF,EMEA
HUYATV,HuyaTV,KR
HVFC Bakeca Academy,HVFC,EMEA
HWA Academy,HWA.A,EMEA
HWA Gaming,HWA,EMEA
Hybrid Esports,HBD,EMEA
Hybrid Esports UK,HYB.UK,EMEA
Hydras Esport,HYD,EMEA
Hyper,Hyper,KR
Hyper Nova,HN,NA
Hyper Youth Gaming,HYG,CN
Hyperion Esports,HYP,EMEA
Hyve Central,Hyve,EMEA
I Gaming Star,IGS,KR
I May,IM,CN
IceLanD,ILD,INT
Ichor Gaming,ICHR,BR
IDM Pirata,IDMP,BR
iDomina eSports,iD,EMEA
Iguana eSports,IGE,EMEA
IKISEQ Gaming,IKQ,EMEA
Ilha da Macacada Gaming,IDM,BR
Illés Akadémia Spirit,IAS,EMEA
Illinois State University,ISU,NA
Illinois Wesleyan University,IWU,NA
Illuminar Gaming,IHG,EMEA
Imaginary Gaming,IMG,EMEA
Immortals,IMT,NA
Immortals Academy,IMT.A,NA
Immortals Area of Effect,IMA,NA
Immortals Challengers,IMTC,NA
IMP e-Sports,IMP,BR
Impact Gaming,IG,EMEA
Imperial Esports,IE,EMEA
Imperials,IMPER,EMEA
Imperio eSports,IPO,EMEA
IMPERISHABLE CLAN,IMP,EMEA
Imperium Gaming,IPR,INT
Imperium Pro Team,IPT,PCS
ImPerium Vancuverii,IMP,NA
Impunity,IMP,PCS
Impunity Legends,IPN.L,PCS
IN Gaming,ING,CN
Inaequalis,INAE,EMEA
Inaequalis Academy,INAE.A,EMEA
Incredible Miracle,IM,KR
Incredible Miracle 1,IM1,KR
Incredible Miracle 2,IM2,KR
Incredible Miracle Athena,IMA,KR
Incubus,INC,LAT
Indictive Esports,IN,EMEA
INEA Esports,IN,EMEA
InFamouS eSport,IFS,EMEA
Infamous Gaming,IFG,INT
Infernal Void,IV,EMEA
inFerno eSports,inF,EMEA
Infernum Gaming,INF,PCS
Infinite Odds,IO,NA
INFINITY,INF,LAT
Infinity Esports,OO,NA
Infinity Esports Academy,INF.A,LAT
Infinity Esports Colombia,INF.C,LAT
Infinity Esports Costa Rica,INF.CR,LAT
Inside Games,ING,EMEA
Inside Games Challengers,ING.C,EMEA
Insidious Gaming Candy,iSC,PCS
Insidious Gaming Exile,iSE,PCS
Insidious Gaming KTB,iS.KTB,PCS
Insidious Gaming Legends,iSL,PCS
Insidious Gaming Rebirth,iSR,PCS
Insight eSports,IE,BR
Inspire eSports,IE,EMEA
Instinct Gaming,INS,LAT
Instruments of Surrender,INST,INT
Intel New Indians,NEW,LAT
Intellectual Playground,IPG,EMEA
Intergalaxy Tigers Gaming,ITX,BR
Internationally V,IV,INT
Internaziomale,ZIOM,EMEA
Intrepid Fox Gaming,IF,EMEA
Intuition,ITN,PCS
INTZ,ITZ,BR
INTZ Academy,ITZ.A,BR
INTZ Red,RED,BR
INTZ.Genesis,ITG,BR
INVADERS,INV,EMEA
Inventive Esports,INV,EMEA
Invictus Gaming,iG,CN
Invictus Gaming Deadly Fiend Girls,iG.DFG,CN
Invictus Gaming Young,IGY,CN
Invictus Girls,iGirls,CN
iNvolute,iNv,EMEA
Invulnerables Esports,INV,EMEA
Ion Squad,ION,EMEA
Ion Squad Academy,ION.A,EMEA
Ionikos Nikaias Esports,INE,EMEA
iQuit-Gaming Greece,iQuit GR,EMEA
Iron Hawks e-Sports,HKS,BR
Iron Wolves,WOLF,EMEA
ISC Pro Team,ISC,PCS
ISO eSports,ISO,EMEA
Issue is Critical,IIC,NA
İstanbul Wildcats,IW,EMEA
İstanbul Wildcats Academy,IWC.A,EMEA
Isurus,ISG,LAT
Isurus Academy,ISG.A,LAT
Isurus Gaming Chile,ISG CL,INT
IWantCookie,IWC,EMEA
IZI Dream,IZI,EMEA
J Team,JT,PCS
J Team 2,JII,INT
Jakarta Juggernauts,J2G,PCS
Jake's Kittens,JK,NA
Janus Esports,JNS,LAT
Janus Vipers,JV,LAT
JAYOB e-Sports,JAY,BR
JD Gaming,JDG,CN
JD|XL,JDXL,EMEA
Ji Jie Hao (集结号),JJH,CN
Jin Air Green Wings,JAG,KR
Jin Air Green Wings Falcons,JAG.F,KR
Jin Air Green Wings Stealths,JAG.S,KR
JingNetGame,JNG,CN
Joblife,JL,EMEA
Join The Force,JTF,EMEA
Jörmungang,JMGG,EMEA
Joy Dream,JDM,CN
Just Randoms,JR,NA
Just Toys Gaming,JTG,INT
Just Toys Havoks,JTH,INT
justforfun,jff,EMEA
K Special Forces,KSF,INT
K1CK,K1,EMEA
K1ck Black,K1CK.B,EMEA
KaBuM! Academy,KBM.A,BR
KaBuM! Black,KBB,BR
KaBuM! Esports,KBM,BR
KaBuM! IDM Gaming,KBM IDM,BR
KaBuM! IDM UP,KIDM UP,BR
Kaisa Gaming,KSG,CN
Kaizen Esports,KZN,LAT
Kameto Corp,KC,EMEA
Kanga Esports,KNG,PCS
KAOS e-sport,KAOS,EMEA
Kaos Latin Gamers,KLG,LAT
Kaos Latin Gamers Academy,KLG.A,LAT
Karma Clan Esports,KRM,EMEA
Karmine Corp,KC,EMEA
Karolinerna,K5,EMEA
Karont3 e-Sports Club,K3,EMEA
KartRiderTeam,KRT,INT
Katastrofa Awionetki,kT,EMEA
Kaufland Hangry Knights,KHK,EMEA
Kawaii Kiwis,KWK,EMEA
Kayana Gaming,Kanaya,PCS
Keep Gaming,KEEP,BR
Kenty,KEN,EMEA
Keyd Warriors,kW,BR
KeyMedia,KM,CN
Keypulse Esports,KYP,EMEA
Kiedyś Miałem Team,KMT,EMEA
Killabeez,KBZ,EMEA
King of Future,KOF,CN
King of Goats,KOG,LAT
Kings of the North,KON,LAT
Kings of Uganda,KOU,NA
Kingzone DragonX,KZ,KR
KIT SC SmartWe,KIT,EMEA
KIT SC White,KIT.W,EMEA
KIYF eSports Club,KIYF,EMEA
Klanik Esport,KE,EMEA
KlikTech,KLT,EMEA
KmK eSports,KmK,EMEA
KnockOut Esports,KO,INT
KODE Gaming,KODE,EMEA
KOI,KOI,EMEA
Kokoro No Senshi,KNS,LAT
Kolejny Cios,KC,EMEA
Komil&amp;Friends,KnF,EMEA
Komputronik Gaming Scouting Grounds,KG,EMEA
Komputronik H34T,HIT,EMEA
Kongdoo Monster,KDM,KR
Konix eSport,Konix,EMEA
Korean Streamer,KRS,KR
KOVA Esports,KOVA,EMEA
Kowloon Esports (九龍電競),KE,INT
KR Reykjavík Esports,KR,EMEA
Kraken E-Sports,KNS,LAT
KRC Genk Esports,GENK,EMEA
KRC Genk Esports Talent Team,GNKT,EMEA
KRÜ Esports,KRU,LAT
KSV eSports,KSV,KR
KT Rolster,KT,KR
KT Rolster Academy,KT.A,KR
KT Rolster Arrows,KT.A,KR
KT Rolster Bullets,KT.B,KR
KT Rolster Challengers,KT.C,KR
Kuala Lumpur Hunters,KLH,PCS
Kubyd's Syndrome,Kubyd's,EMEA
Kumiho Esports,KHO,EMEA
KV Mechelen Esports,KVM,EMEA
KV Mechelen Esports Academy,KVM.A,EMEA
KV Mechelen Esports Strijders,KVM.S,EMEA
Kwangdong Freecs,KDF,KR
Kwangdong Freecs Academy,KDF.A,KR
Kwangdong Freecs Challengers,KDF.C,KR
Kx.Cash,KXC,CN
Kx.Happy,KXH,CN
Labradoodle 9,LAB9,EMEA
Lachende Gerdas,LACH,EMEA
Lamasticrew,Lama,EMEA
LanCraft,LAN,EMEA
Lanomania,LMA,EMEA
LanXiang Gaming,LX,CN
LaoPengYou,LPY,CN
Large,LRG,NA
Last Group,LG,INT
Last Kings,LK,INT
Last Resistance,LR,NA
Laughing Coffins,LC,EMEA
Lawrence Technological University,LTU,NA
LBS Esports,LBS,LAT
LCVS Fighting (立志猩勢力),LCVS,PCS
LD50 Gaming,LD50,JP
LDLC OL,LDLC,EMEA
LDM Esports,LDM,LAT
LDM Mexico,LDM,LAT
LDN UTD,LDNU,EMEA
LDN UTD Ice,LDNU.I,EMEA
LEC Kings,RITO,EMEA
Legacy Esports,LGC,PCS
Legacy Genesis,LGG,PCS
Legatum,LGT,INT
Legend Dragon,LD,CN
Legend Dragon Academy,LDA,CN
Legend Esport Gaming,LEG,CN
Legendary,LDY,NA
LegendsBR,LBR,BR
Legion Gaming,LG,EMEA
Lemondogs,LD,EMEA
Lemondogs Argentina,LD ARG,INT
Leões Porto Salvo Esports,LPS,EMEA
Levante UD Esports,LUD,EMEA
Level One,Lv1,EMEA
Level Up esports,LVL,EMEA
Leviatan,LEV,LAT
Leviatan Esports Chile,LEV,LAT
Leviathans,LVT,EMEA
LGD Gaming,LGD,CN
LGD Gaming Young Team,LGDY,CN
Liberty,LBR,BR
Liberty Academy,LBR.A,BR
Liberty Zeal Queue,LZQ,CN
Life Support,LFS,NA
Liiv SANDBOX,LSB,KR
Liiv SANDBOX Academy,LSB.A,KR
Liiv SANDBOX Youth,LSB.Y,KR
Lille Esport,LIL,EMEA
LinG,LNG,CN
LinGan e-Sports,LGE,CN
LionsCreed Baltics,LC,EMEA
LiT Esports,LIT,NA
LIT Team (黎明企鵝),LIT,PCS
Little Hippo,LITT,KR
Little Wraith,LW,PCS
Live Gaming Ascension,LGA,INT
Liyab Esports,LYB,PCS
LK Gaming,LK,EMEA
LMQ,LMQ,NA
LNG Academy,LNG.A,CN
LNG Esports,LNG,CN
LODIS,LDS,EMEA
Logi-A Team,LAT,INT
Login Esports,LGN,EMEA
Logitech G Snipers,LGS,INT
logiX,logiX,EMEA
LoL Academia,LAE,INT
LOLQ Tempest,Tempest,KR
London Esports,LDN,EMEA
Longzhu Gaming,LZ,KR
Los Grandes,LOS,BR
Los Grandes Academy,LOS.A,BR
Los Heretics,HRTS,EMEA
Los Leones de Badajoz,LOS,EMEA
Lost Draft,LOST,NA
Lost Esports,LE,INT
Loto Gaming,LTG,LAT
Lotus Bloom,LBL,NA
Lotus Esports,LTS,NA
Lotus Exiles,LE,NA
Lotus Gaming,LTG,EMEA
LOUD,LLL,BR
LOUD Academy,LLL.A,BR
Louisiana State University,LSU,NA
Lourdes University,LU,NA
Low Pressur3 Gaming,LP3,LAT
Low Priority,Low P,EMEA
Lowkey Esports,LK,NA
Lowkey Esports.Vietnam,LK,VN
LowLandLions,LION,EMEA
LowLandLions.Black,LLL.B,EMEA
LowLandLions.White,LLL.W,EMEA
LP Gaming,LPG,VN
Lublin Shore,LBS,EMEA
Lucent Esports,LCT,EMEA
Lucky Esports,LKY,NA
LUL Esports,LUL,EMEA
Lunary,LNY,EMEA
Lundqvist Lightside,LLS,EMEA
Luxor Gaming,LXG,LAT
Luxury Esports,LX,VN
Lycos eSports,LYC,EMEA
Lynx,LX,PCS
Lyon Gaming,LYN,INT
M19,M19,INT
Macao Esports,MOE,INT
Machi 17,Machi 17,INT
Machi Crew,MC,INT
Machi Esports,MCX,PCS
MachiX,MCX,INT
Macko Academy,MCK.A,EMEA
Macko Esports,MCK,EMEA
Macro Maniacs,MCM,EMEA
Mad Dragon,MAD,INT
MAD Gaming,MAD,BR
MaD Gaming MX,MaD MX,INT
Mad Gods Gaming,Mad Gods,EMEA
Mad Kings,MKE,LAT
MAD Lions,MAD,EMEA
MAD Lions Academy,MAD.A,EMEA
MAD Lions E.C.,MAD,EMEA
MAD Lions E.C. Colombia,MLC,LAT
MAD Lions E.C. Mexico,MLM,LAT
MAD Lions Madrid,MADM,EMEA
Mad Revolution Gaming,MAD,LAT
MAD Team,MAD,INT
Made in France,MiF,EMEA
MAGAZA,MGZ,EMEA
Magistra,MGT,EMEA
Magna Esports,MGN,EMEA
Majestic Lions,ML,EMEA
Malvinas Rise,MVG,LAT
MAMMOTH,MEC,PCS
Mammoth Academy,MMMA,PCS
ManaLight,ML,EMEA
Manguste AT,MNG.AT,EMEA
Manguste eSports,MNG,EMEA
Manila Eagles,MLE,PCS
Maroon Bells,MB,EMEA
Marvelous Gamers Brotherhood,MGB,CN
Maryville University,MU,NA
Mashallah Gaming,MASH,EMEA
Masonic,MSC,EMEA
Master Girl,MG,CN
Master of Chicken Gaming,MCG,JP
Masters 3,M3,CN
Maturalni Forsaken,MFSK,EMEA
Maturalni Forsaken Academy,MFA,EMEA
MAX,MAX,CN
Max Tigers,MAX,LAT
Maximal,MAX,VN
Maximum impact Gaming Blitz,MIG.B,KR
Mayan Esports,MYN,LAT
Maycam Evolve,EV,LAT
Maze,MZE,BR
Maze Gaming,MAZ,LAT
MCES Italia,MCES.IT,EMEA
MCES Italia Academy,MCES.IT,EMEA
mCon esports,MCON,EMEA
mCon esports Rotterdam Academy,MCN.A,EMEA
MD E-sports Club,MD,CN
Meat Playground,MP,NA
Meavedron,MVE,EMEA
Medieval Riga,MDVL,EMEA
MeetYourMakers,MYM,EMEA
MeetYourMakers.LAN,MYM.LAN,INT
MeetYourMakers.TR,MYM.TR,EMEA
MEGA,MG,PCS
Meloncats,MC,EMEA
Melty eSport Club,MTY,EMEA
Meme City Esports,MCE,NA
Meme Stream Dream Team,MSDT,NA
Mercenaries,MERC,NA
Merciless Academy,MGG.A,BR
Merciless Gaming,MGG,BR
Meta Falcon Team,MFT,PCS
Meta Gaming,MG,LAT
Method2Madness,M2,EMEA
Mezexis Esports,MZS,LAT
MF Gaming,MFG,CN
MGN Box Esports,MBE,VN
MHSC Esport,MHSC,EMEA
Miami University,MU,NA
MiaoJing (妙竞),MJ,CN
Michigan State University,MSU,NA
Midas FIO,FIO,KR
Midnight Sun Esports,MSE,INT
Mighty Eagle,ME,CN
Millenium,MIL,EMEA
Millenium Spirit,MSP,EMEA
Miners,NMG,BR
Miners Academy,NMG.A,BR
Mineski,Mineski,PCS
Minus Three,M3,NA
Miracle,MRC,NA
Miracle Gaming,M1,EMEA
Mirage Alliance,MIRG,NA
Mirage Élite,MEC,NA
Mirage Elyandra,ME,EMEA
MiraGe Gaming,MiraGe,KR
Mirage Oasis,MIR.O,NA
Mirage Sport Électronique,MIR,NA
Misfits Academy,MSF.A,EMEA
Misfits Gaming,MSF,EMEA
Misfits Premier,MSFP,EMEA
Missouri Valley College,MVC,NA
MiTH Flashdive,MiTH FD,PCS
MJ-Esports,MJ,EMEA
Mkers,MKS,EMEA
Mkers Academy,MKS.A,EMEA
MKZ,MKZ,KR
MLGB E-SPORTS CLUB,MLGB,NA
MNM Gaming,MNM,EMEA
MnM Gaming Academy,MnM.A,EMEA
MOBA ROG,MOR,EMEA
Monkey Mafia,MM,EMEA
Monolith Gaming,MNL,INT
Monomaniac eSports,MME,NA
mortal Teamwork,MTW,EMEA
Mortality eSports,MRT,NA
Moscow 5,M5,INT
Moss Seven Club,MSC,CN
Mount Olympus,MOGG,NA
MOUZ,MOUZ,EMEA
Movistar Optix,MOX,LAT
Movistar R7,R7,LAT
Movistar Riders,MRS,EMEA
Movistar Riders Academy,MRS.A,EMEA
Movistar Riders Blue,MRS.B,EMEA
MS Company,MS,EMEA
MSI Evolution Gaming Team,MSI EvoGT,PCS
MTP Esport,MTP,EMEA
MTW Gaming,MTW,EMEA
mTw North America,MTW,NA
Munster Rugby Gaming,MRG,EMEA
Munster Rugby Gaming Academy,MRG.A,EMEA
Murk Esports,MRK,NA
MVP,MVP,KR
MVP Blue,MVP.B,KR
MVP Ozone,MVP.O,KR
MVP Red,MVP.R,KR
MYIDOL Esports,MYI,INT
mYinsanity,MYI,EMEA
myRevenge,myR,EMEA
myRevenge Chile,myR CL,INT
Mysterious Monkeys,MM,EMEA
Mysterious Monkeys.ESLM,MM.ESLM,EMEA
Mystic Gaming,MYC,INT
Myth Esports,MYTH,EMEA
Mythos Gaming,MYT,EMEA
Mythus Esports,MYT,PCS
n!faculty,FAC,EMEA
Naga Esports,Naga,PCS
Naguara Mexico,NE,LAT
Naguara Team,NE,LAT
NaJin Black Sword,NJBS,KR
NaJin e-mFire,NJF,KR
NaJin White Shield,NJWS,KR
NALCS Players Association,NALCSPA,NA
Nameless Randoms,NR,NA
Nameless Thieves,NT,NA
Napkins in Disguise,NID,NA
NARCIS,NRC,EMEA
Nash Ξquilibrium,NASH,EMEA
NASR eSports,NSR,INT
NASR eSports Jr.,NASR.JR,INT
NASR eSports Turkey,NSR,EMEA
NASR eSports Turkey Academy,NASR.A,EMEA
NAT,NAT,EMEA
Native Gaming,N8V,NA
Nativz,NT,EMEA
Natus Vincere,Na'Vi,EMEA
Natus Vincere CIS,NV.CIS,INT
nDurance Gaming,nD,EMEA
NecroRaisers,NR,EMEA
NeL,NeL,KR
Neolution E-Sport Nemesis,Neo.N,PCS
Neon Esports,NE,EMEA
nEophyte,NEPH,EMEA
nerdRage,nR,EMEA
Nerf Galeforce,NGF,EMEA
Neronity,NERO,EMEA
Nerv,NRV,EMEA
Neurons,NEU,INT
Never Give Up,NGU,INT
NeverBack Gaming,NB.,EMEA
New Dynasty,ND,EMEA
New World Eclipse,NWE,NA
Newbee,NB,CN
Newbee Young,NBY,CN
Newell's Esports,NOB,LAT
Newstar,N5R,LAT
Nex Impetus,neXi,BR
Next Evolution,NVO,EMEA
Next Gen Esports,NGE,PCS
NextGaming,NxG,EMEA
neXtPlease! Gaming,NPG,EMEA
Nexus KTRL,NXK,EMEA
Nibble Gaming,NBG,JP
Nigma Galaxy,NGX,EMEA
Nigma Galaxy Male,NGX,EMEA
Nigma Galaxy MENA,NGX.MN,INT
Ninjas in Pyjamas,NIP,CN
NK Osijek Esport,NKOS,EMEA
NLD eSports,NLD,EMEA
NNO Prime,NNO,EMEA
No Ace,NACE,NA
No Dice Gaming,NDG,NA
No Game No Life,NGL,INT
No Name,NN,NA
No Need Orga,NNO,EMEA
No Org,NO,NA
No Team,NOT,NA
Noah's Ark,NA,CN
Noble Esports,NOB,NA
Noble Truth,NTR,NA
NOCTA,NOC,LAT
Nocturns Gaming,NG,LAT
NoFancy,NFC,INT
Nongshim Esports Academy,NS.EA,KR
Nongshim RedForce,NS,KR
Nongshim RedForce Academy,NS.A,KR
NonHK,NHK,INT
Noobs Except Balnemse,NEB,KR
Noot Noot eSports,NN,EMEA
NORD Esports,NORD,EMEA
Nordavind,NVD,EMEA
Nordavind Black,NVD.B,EMEA
Nordavind Talent,NVD.T,EMEA
Nordavind White,NVD.W,EMEA
North,NOR,EMEA
North Carolina State University,NCSU,NA
Northeastern University,NU,NA
Northern Lions Esports,NLE,EMEA
Northwood University,NU,NA
Not Academy Team,NAT,NA
Nova Dragons,NVD,LAT
Nova eSports,NVA,NA
Nova Esports,NOV,PCS
NOVO Esports,NOVO,EMEA
Novus Tempus,NT,INT
Now or Never,NON,CN
NOX Esports,NOX,EMEA
NRAX Esports,NRAX,EMEA
NRG,NRG,NA
NRG Challengers,NRGC,NA
Nuit Blanche,NBL,EMEA
NumberOne Esports,NR1,EMEA
Nuovo Gaming,NVO,PCS
NVision Esports,NV,EMEA
NXT,NXT,EMEA
NYYRIKKI,NKI,EMEA
NYYRIKKI Academy,NKI.A,EMEA
NYYRIKKI Blue,NKI.B,EMEA
NYYRIKKI White,NKI.W,EMEA
O'Gaming TV,OGTV,EMEA
Oakland University,OU,NA
Obnoxious Gaming,NOX,EMEA
ODIN Gaming,ODN,LAT
Odivelas Sports Club,OSC,EMEA
Odyssey Gaming,ODY,NA
OffLimits,OFF,EMEA
OFFSET Esports,OFF7,EMEA
OG Esports,OGE,LAT
Oh My Dream,OMD,CN
Oh My Girls,OMGirls,CN
Oh My God,OMG,CN
Oh My God 2,OMG 2,CN
Ohio Northern University,ONU,NA
Ohio State University,OSU,NA
OKGG White,OKGG.W,EMEA
Okinawan Tigers,OT,JP
OKSavingsBank BRION,BRO,KR
OKSavingsBank BRION Academy,BRO.A,KR
OKSavingsBank BRION Challengers,BRO.C,KR
Old Hunters,OHT,INT
Olympiacos Alimou,GOAL,EMEA
Olympus Gaming,OLY,INT
Omega Gaming,OMG,NA
Omerix,OX,EMEA
Once Caldas Esports,OC,LAT
Once Upon A Team,OUAT,EMEA
One Breath Gaming,OBG,INT
One More Esports,1M,EMEA
ONE SEVEN EIGHT,OSE,INT
One Trick Production,OTP,EMEA
OnlyGame,OG,CN
Onoda Esports,ONODA,LAT
Onyx Esports,ONYX,PCS
OP Gaming,OPG,KR
OP innogy eSport,OP,EMEA
OpenMidPlease,OMP,INT
Operation Kino e-Sports,OPK,BR
OpTic Gaming,OPT,NA
OpTic Gaming Academy,OPT.A,NA
optical spectrum E-sports,OSE,CN
Optimization Gaming,OG,EMEA
Optimum Cowboys,OC,EMEA
OQ,OQ,NA
Orange Esports,ORG,PCS
Orbit Anonymo,OAE,EMEA
Orbit Gaming,ORB,NA
ORDER,ORD,PCS
ORDER Academy,ORDA,PCS
Ordinance Gaming,OG,NA
Ordo Equitum,OE,INT
Orgless,ORGL,NA
Origen,OG,EMEA
Origen Academy,OG.A,EMEA
Origen BCN,OGB,EMEA
Origen ESP,OGE,EMEA
Origine Online,Origine,EMEA
Orion Esport,OR,EMEA
Osaka,OSK,LAT
Oserv Esport,OSV,EMEA
Osh-Tekk Warriors,OTW,INT
Osos Mafiosos,OSM,INT
Östersunds FK Esports,OFK,EMEA
Ottawa University,OU,NA
Out of the Blue,OOB,EMEA
Outlaws,OLW,PCS
Outlawz,OTL,EMEA
Outplayed Academy,OP.A,EMEA
OuYi Game Team,OY,CN
Over Power Gaming Center,OPGC,INT
Overdrive,OVD,JP
OverGaming,OG,EMEA
Overload,OVL,BR
OverMinds,OVM,INT
OverPower Esports,OPG,VN
Ownerd e-Sports,Ownerd,BR
Oxygen Valiants,O2V,EMEA
Oyun Hizmetleri,OH,EMEA
Oyun Hizmetleri ÇİLEKLER,OHC,EMEA
OZ Gaming,OZ,KR
P11 Esports,P11,EMEA
P3P eSports,P3P,EMEA
Pacific eSports,PCFC,PCS
Packa Pappas Kappsäck,PPK,EMEA
paiN Gaming,PNG,BR
Pain Gaming,PG,EMEA
paiN Gaming Academy,PNG.A,BR
PAM eSports,PAM,EMEA
Pampas,PAM,LAT
Panathinaikos AC eSports,PAO,EMEA
Panda Cub Hugging Club,PCHC,PCS
PandaCute,PDQ,INT
Pandy Pandas,PAND,NA
PANTHERS Gaming,PG,EMEA
Papara SuperMassive,SUP,EMEA
Parabellum Esports,PRB,NA
Paradox Gaming,PDG,PCS
Paris Saint-Germain eSports,PSG,EMEA
Pars eSports,Pars,EMEA
Partizan Esports,PAR,EMEA
Pathos,PTS,KR
Pawn Gaming,PWN,EMEA
PCHunter,PCH,EMEA
PCS Taran,PCS.T,EMEA
PDK Sideral,PDK,EMEA
PDW,PDW,EMEA
PEACE,PCE,PCS
Peak Performance,PPE,NA
Peak Performance X,PPX,NA
Peak Performance Y,PPY,NA
peculiar gaming,P,EMEA
PÊEK Gaming,PK,LAT
PeesPlay Gaming,PPG,BR
PENTA 1860,PTA,EMEA
Pentagon Maze,PM,EMEA
Pentagon Rejects,PTR,EMEA
PENTAGRAM,PGM,JP
Pentakill.gr,5K,EMEA
Pentanet.GG,PGG,PCS
Pentanet.GG Rise,PGGR,PCS
People's Red Wolf Gaming,PRW,CN
Pepehands,PEPE,NA
Percent Esports,PER,VN
Perfectionvore,Pvore,INT
Pertinax Esports,PTX,EMEA
PEX Team,PEX,LAT
Phelan Gaming,PHL,EMEA
Phlox Gaming,PHX,EMEA
Phoenix Esports,PX,PCS
Phoenix1,P1,NA
Phong Vũ Buffalo,PVB,VN
Piast Gliwice Esports,PGE,EMEA
PIGSPORTS,PIG,EMEA
Ping is the Problem,PIP,NA
Pirate Dream,PD,LAT
piratesports,ARR,EMEA
piratesports Academy,ARR.A,EMEA
PIRTS,PRT,EMEA
Pixel Esports Club,PIX,LAT
PKMaster,PKM,INT
PL Gaming,PL,INT
Planetary Collision Esports,PLAN,NA
Planetkey Dynamics,PKD,EMEA
PlaPro.c58,PPC58,INT
Play Again,PYN,INT
Play With Soul,PWS,EMEA
PlayArt Gaming,playArt,BR
Playing Ducks,PD,EMEA
Playing Ducks Europe,pD EU,EMEA
Plejehjemmet Kalder,PK,EMEA
Pogoń Szczecin,POG,EMEA
Polar Ace,PA,NA
Polar Bears,PBR,EMEA
Polar Squad Esports,PLS,LAT
Polaris Gaming,PG,LAT
Polska Gurom,POL,EMEA
Pondok Gaming,Pondok,PCS
Positive Energy,PE,CN
PostFinance Helix,PFX,EMEA
Power Team Sports,PWT,BR
Powned.it,PWN,EMEA
Predators Academy,PDS.A,LAT
Predators Esports,PDS,LAT
PRIDE,PRD,EMEA
PRIDE Academy,PRD.A,EMEA
Pride ESCA Academy,TEG.A,EMEA
PrideFC,PFC,EMEA
PRIMATE,PMT,LAT
Prime Clan,Prime,KR
Prime Optimus,PO,KR
PRO42,P42,LAT
Prodigy Esports,PRG,BR
ProGaming Esports,PRG,BR
Project Conquerors,PCS,EMEA
Project Guardians,PG,LAT
Project Sinners,PJS,EMEA
Protecting Guardians,PG,EMEA
ProXima Gaming,PRX,EMEA
PSG Talon,PSG,PCS
PSG Talon Academy,PSG.A,PCS
PSV Esports,PSV,EMEA
PSV Esports Academy,PSV.A,EMEA
Psykodelic Esports,PSK,LAT
Public Enemy,PE,EMEA
Pulse Esports,PS,NA
Pulsia Esport,PL,EMEA
PunchLine Esport Club,pLine,EMEA
Puppies Esports,PES,VN
Purdue University,PU,NA
Purdue University Northwest,PNW,NA
Purple Haze Gaming,PH,INT
Pushing Gaming,PSH,EMEA
Pyrsos Esports,PRS,EMEA
QG Reapers,QGR,CN
Qiao Gu Reapers,QG,CN
Qing Jiu E-sport Club,Q9,CN
QLASH,QLS,EMEA
QLASH Forge,Q4G,EMEA
QLASH Forge Academy,QFA,EMEA
QLASH MENA,QLM,INT
QLASH Midnight,QLS.M,EMEA
QLASH Spain,QLS,EMEA
QNG Team,QNG,CN
QTV Gaming,QG,VN
Quantic Gaming,QTC,NA
Quantum Vortex,QVX,EMEA
QUT Tigers,QUT,PCS
Quvic E-Sports,QVC,KR
QWER.GG,QWER,KR
R-SIXTEAM,R6T,EMEA
RA'AD,RAD,EMEA
RabbitFive,RBF,JP
Racoon,RCN,EMEA
Radiance,RAD,NA
RAGE,RAGE,NA
Raise Gaming,RG,INT
Raleigh Black Flame,RBF,NA
Ramboot Club,RBT,EMEA
Ramo Awake Gaming,AWK,LAT
Rampage,RPG,JP
Rampage Quintet,RPG Q,JP
RAMS,RAMS,EMEA
Random 5,R5,EMEA
Rare Atom,RA,CN
Rare Atom Period,RAP,CN
Rascal Jester,RJ,JP
Rascal Jester Academy,RJ.A,JP
RATE Gaming,RATE,EMEA
Ravioli Ravioli,RR,EMEA
Rayunion,RAY,CN
Razor's Edge Gaming,REG,EMEA
RBG Esports,RBG,NA
RCSC E-sport,RCSC,EMEA
RCTIC eSports,RCTIC,EMEA
Reapers Gaming,RPS,EMEA
Reason Gaming,RG,EMEA
Rebels Anarchy,RANC,KR
Rebels Gaming,RBLS,EMEA
Rebirth eSports,RBT,LAT
REC by Shadow,REC,EMEA
RED Academy,RED.A,BR
Red Arrows Team,RedA,INT
Red Bulls,RB,EMEA
RED Canids,RED,BR
Red Eye,RDY,LAT
Red Rooster Team,RRR,LAT
ReDefy Esports,RD,NA
Redemption Arc,RA,NA
Redemption eSports Porto Alegre,RDP,BR
Reformed Gaming,RG,EMEA
Regular Team,RT,LAT
Reign,RGN,EMEA
Rejects Gaming,RJX,EMEA
Relic Esports,RLC,EMEA
Reload Esports,RLD,PCS
Renegades,REN,NA
Renegades of Hell,RoH,INT
Renegades: Banditos,RNB,EMEA
Rensga Academy,RNS.A,BR
Rensga eSports,RNS,BR
Repre Gold,RPG,EMEA
Resolve,RSV,EMEA
Resolve Academy,RSV.A,EMEA
Resolve Blue,RSV.B,EMEA
Resolve NA,RSV.NA,NA
Respawn Esports,RSP,LAT
Rest In Pepperonis,REST,EMEA
Resurgence,RSG,PCS
Return of the Middlesticks,ROTM,NA
Reven Esports,RVN,LAT
Revenge,RVG,EMEA
Revenge eSports,RvG e,INT
Revenger,RVGR,CN
REViTAL Gaming,RVG,EMEA
Revival,RVL,NA
Revolt Gentlemen E-Sports Club EUNE,RGESC EUNE,EMEA
Revolt Gentlemen E-Sports Club EUW,RGESC EUW,EMEA
Rex Regalis,REX,NA
RFLX Gaming,RFLX,NA
RGA,RGA,KR
Rich Gang,RG,EMEA
Riddle Esports,RDL,EMEA
Riddle Esports Academy,RDLA,EMEA
Riddle NO,RDL,EMEA
RIFT Esports,RIFT,EMEA
Rift Rats,RR,EMEA
Rift Sloths,RIFT,EMEA
Rise Gaming Female,RISE,BR
Rising Dawn Esports,RDE,EMEA
Rising On Gaming,ONR,BR
Rising Star Gaming,RSG,KR
Rising SuperStar Gaming,RSG,KR
RisingStars Gaming,RSG,CN
River Plate Gaming,RIV,LAT
RMA e-Sports,RMA,BR
RMIT Redbacks,RMIT,PCS
RNL ROAR,ROAR,EMEA
Roar,RR,NA
Robert Morris University Illinois,RMU,NA
Robot E-Sports Team,BOT,BR
Rock Bottom Esports,ROCK,NA
Rock Solid,RS,NA
Rockhead Players,RHD,KR
RockTribeEsports,RTE,NA
ROG Esport,ROG,EMEA
Rogue,RGE,EMEA
Rogue Esports Club,REC,EMEA
Rogue Stars,RGS,EMEA
Rogue Warriors,RW,CN
Rogue Warriors Shark,RWS,CN
Romulea eSport,RML,EMEA
Roughnex,RNX,EMEA
RoX,RoX,INT
ROX COOL,ROX.A,KR
ROX Tigers,ROX,KR
Royal Bandits,RBE,EMEA
Royal Club,RYL,CN
Royal Club Tian Ci (天赐),RCTC,CN
Royal Gamers,RG,EMEA
Royal Never Give Up,RNG,CN
Royal Paladin Eclipse,RPE.E,INT
Royal Paladin eSports,RPE,INT
Royal Penguins,RP,LAT
Royal Youth,RYL,EMEA
Royal Youth Academy,RY.A,EMEA
RPG-KINGDOM,RKNG,JP
RSC Anderlecht Esports,RSCA,EMEA
RtN Gaming,RtN,INT
Ruddy Esports,RUD,EMEA
RUDE GAME e-Sports,RUDE,BR
RULE,RULE,EMEA
Rulers Esports,RLS,EMEA
RunAway,RNW,KR
RusherX Gaming,RXG,LAT
Russian Force,RF,INT
S.W.A.G.,S.W.A.G.,NA
S2N Esports Club,S2N,LAT
S2V Esports,S2V,EMEA
S2V Esports Academy,S2V.A,EMEA
S2V Esports Female,S2V.F,EMEA
Sahara Warriors,SW,INT
Saigon Buffalo,SGB,VN
Saigon Fantastic Five,SF5,PCS
Saigon Jokers,SAJ,PCS
Saigon Mongaming,SGM,PCS
Saikyo Makinyan,SKM,JP
ŠAIM SE,ŠSE,EMEA
ŠAIM SE SuppUp,SSU,EMEA
Saint Gaming,SAT,CN
Saint Louis University,SLU,NA
Salade Tomate Oignon,STO,EMEA
Salvage Javelin,SJ,JP
Samadder Gaming,SMG,NA
SAMCLAN Esports Club,SAM,EMEA
Sample Text,Sample,EMEA
Samsung Blue,SSB,KR
Samsung Galaxy,SSG,KR
Samsung Morning Stars,SMS,EMEA
Samsung White,SSW,KR
Samurai in Jeans,SAMU,EMEA
San Jose State University,SJSU,NA
Sangal Esports,SNG,EMEA
SanHe Gaming,SHG,CN
Sanhsin Gavin (三信戰鷹),SANH,PCS
Santiago Wanderers eSports,SW,LAT
Santos Dexterity,S deX,BR
Santos e-Sports,SAN,BR
Saprissa Esports,SAP,LAT
Satori,Satori,INT
Satori Red,Satori.R,INT
Savage,SVG,LAT
SBENU Korea,SBK,KR
SBTC Esports,SE,VN
SBTC Esports Academy,SEA,VN
SCARZ,SZ,JP
SCARZ Burning Core,SZBC,JP
Scorpio Game,SG,CN
Scouting4ProScene,S4PS,NA
Se Loco Cachorreira,SLC,BR
Sea Dogs,SD,NA
SEA Serpents,SS,PCS
SeaDoggos,SEAD,INT
Seagate Hope,STX.H,INT
Seattle Ferocity,SF,NA
Sector 7,S7,NA
Sector One,S1,EMEA
Sector One Academy,S1.Acad,EMEA
Sector One Black,S1B,EMEA
Sector One Fox,S1.F,EMEA
SEM9,S9,PCS
SEM9 WPE,S9W,PCS
Sengoku Gaming,SG,JP
Sengoku Gaming Academy,SG.A,JP
Senshi Esports Club,SEC,EMEA
Sentinels ESC,SNT,PCS
SeolHaeOne Prince,SP,KR
Seorabeol Gaming,SRB,KR
Seoul Neon,SLN,KR
seQura ZEST,ZEST,EMEA
Serena Five,S5,INT
Seven Wars e-Sports,7w,BR
Seven Wars Lyon,7w Lyon,INT
SGA,SGA,KR
Shadow Academy,SHA.A,KR
Shadow Anyche,SDA,KR
Shadow Battlica,SBT,KR
Shadow Battlica Y,SBY,KR
Shadow Boxing,SBX,KR
Shadow Cool,SHA.CL,KR
Shadow Corp,SHA,KR
Shadow Cream,SC,CN
Shadow Dawn,SDD,KR
Shadow Deeplol,SDP,KR
Shadow Dreamer,SD,KR
Shadow EK,SEK,KR
Shadow ELG,SELG,KR
Shadow fOu,SFOU,KR
Shadow GT,SHA.GT,KR
Shadow IBJ,SIJ,KR
Shadow LNG,SLNG,KR
Shadow New,SNEW,KR
Shadow RGS,RGS,KR
Shadow SF,SSF,KR
Shadow Zero,SZR,KR
Shadowban,SWB,EMEA
Sharks Esports Team,SHK,EMEA
SHEINOO,SN,CN
Sheng Jie Gaming,SJG,CN
Shih Hsin Meow Meow (世新喵喵),SHU,PCS
Shining Stars,SST,EMEA
Shock Gaming,Shock,BR
Shot 2 Kill,S2K,INT
ShowTime,ST,CN
Shu Dai Xiong Gaming,SDX,CN
Si Yi Xuan E-Sport,SYX,CN
Sick Ducks,6DK,PCS
Sign Us Please,SUP,NA
SILENTGAMING,SLNT,EMEA
Silver Crows,SC,INT
Silver Wolves,SW,EMEA
Simon Fraser Univeristy,SFU,NA
Simplicity Elite,SPL.E,INT
Simplicity Esports,SMP,NA
Simplicity Gaming,SPL,INT
Sin Academy,SNA,PCS
Sin Gaming,SIN,PCS
Sinelight,SL,PCS
Singapore Sentinels,SGS,PCS
Singularity Female,SNG.F,EMEA
Sinisters,SNS,LAT
SINNERS Esports,SIN,EMEA
Sinners Never Sleep,SNS,EMEA
SinoDragon Gaming,SDG,CN
SinoDragon Prince,SDP,CN
Six Karma,6K,LAT
SK Gaming,SK,EMEA
SK Gaming Avarosa,SK.A,EMEA
SK Gaming Prime,SKP,EMEA
SK Telecom T1,T1,KR
SK Telecom T1 K,SKT K,KR
SK Telecom T1 S,SKT S,KR
Skull Cracker,SKC,LAT
Sky Gaming,SGD,VN
Slash Lions,SL,INT
Slaughter House,SH,NA
SLO REJECTS,SLR,EMEA
SLR,SLR,EMEA
Smash It Down,SID,JP
Smoking Hot Candies,SHCS,PCS
Snake Esports,SS,CN
Snake Honor Esports,SHE,CN
Snake WuDu,SWD,CN
SNOGARD Dragons,SNOGARD,EMEA
Snowman Slammers,SNOW,NA
SolaFide Esports,SF,NA
SolarWind,SOL,INT
Solary,SLY,EMEA
Solary Academy,SLY.A,EMEA
Solwing Esports,sW,EMEA
Sons of Tzu Gaming,TZU,BR
Sour Savoury,SrS,EMEA
SOVEJA,SVJ,EMEA
Sovereign,SVR,PCS
Sovereign Black,SVB,PCS
Sølvkikkert Esports,SØK,EMEA
Space eSports,SPE,INT
Spain5,SP5,EMEA
Spandauer Inferno,SPIN,EMEA
Sparx Esports,SPX,EMEA
Spear Gaming,SPG,KR
Spectacled Bears,SB,LAT
SPGeSports,SPG,EMEA
Spicy Gorillas,SCG,EMEA
SPIKE Syndicate,SPK,EMEA
Spirituals,STS,LAT
Split Raiders,STR,EMEA
Splyce,SPY,EMEA
Splyce Vipers,SVP,EMEA
Sport Boys Association,SBA,LAT
Sprout,SPT,EMEA
Spy Dolphins,SD,INT
SQUARE,SQ,KR
Square Duck,SQUA,NA
Srdce nehasnou,SN,EMEA
St. Clair College,SCC,NA
Stand Point Gaming,SPG,CN
STAR,STAR,INT
Stardust,STD,KR
Starlan Gaming Club,SGC,EMEA
Starlan Gaming Club Academy,SGC.A,EMEA
Stars,Stars,EMEA
StarTale,ST,KR
State University of New York at Buffalo,UB,NA
Steelwolves Gaia,XSW,PCS
Steve Bakes Cookies,STEV,EMEA
Stone Movistar,STM,LAT
STOPWATCH eSports,STW,EMEA
Storm,STR,NA
Storm Games Clan,SGC,EMEA
Storm Teams (樹德暴風樹),STT,PCS
Stormbringers,SB,EMEA
STRAT Esport,STRAT,EMEA
STRAW,STRAW,EMEA
Striking Vipers,SV,NA
Striking Vipers Champions,SVC,NA
Striking Vipers Maestros,SVM,NA
STXP,STXP,NA
Submarines,SMR,INT
Submarino Stars,SUB,BR
Sudden Fear,SF,PCS
Summon Aery,SA,INT
Suning,SN,CN
Suning-S,SNS,CN
Suns Gos Hawk,SGH,INT
SunSister ReUnion,SSR,JP
SUPA HOT CREW,SHC,EMEA
Supay Gaming,SGM,LAT
Super Nova Academy,SN.A,NA
Super Nova Sentinels,SN.S,NA
Super Star Destroyers,SSD,VN
Super Sunshine Fruit Basket Warriors,SSFW,NA
SuperEsports (超競學院),SE,INT
SuperHype Gaming,SHG,PCS
SuperMassive Academy,SUP.A,EMEA
SuperMassive Blaze,SMB,EMEA
SuperMassive Blaze Academy,SMB.A,EMEA
SuperMassive TNG,SUP TNG,EMEA
SuperNitro1,SN1,EMEA
Supernova,SN,NA
SuperStar,SS,KR
Supremacy,SY,EMEA
Synthetic Esports,SYN,NA
Szata Maga,SM,EMEA
Szaty Bobra,SZB,EMEA
Szef+6,S6,EMEA
T Show,TSW,BR
T.Bear Gaming,TBG,CN
T1,T1,KR
T1 Academy,T1.A,KR
T1 Challengers,T1.C,KR
T3H Esports,T3H,EMEA
Taco Gaming,TG,NA
Tainted Minds,TM,PCS
Tainted Minds Blue,TM.B,PCS
Taipei Assassins,TPA,INT
Taipei Berserkers,TPB,INT
Taipei Snipers,TPS,INT
Talon Esports,TLN,PCS
Tan Chi Sa Gaming,TCS,CN
Taraji Esports,TEG,INT
Tatoo,Tatoo,KR
Taurus Esports,TAU,EMEA
TBA,TBA,NA
TCM Gaming,TCM,EMEA
TDC Esports,TDC,EMEA
Team 58ers,58ers,BR
Team 7AM,7AM,EMEA
Team 7AM Academy,7AM.A,EMEA
Team 8,T8,NA
Team Acer,ACER,EMEA
Team Acer Poland,ACER.PL,EMEA
Team Afro,AFR,INT
Team Amazigh,AMAZ,EMEA
Team Ambition,TA,NA
Team Ambition Black,TAB,NA
Team Ambition Red,TAR,NA
Team Ambition Sussy,TAS,NA
Team Amelia,AML,EMEA
Team Amibition Blaze,TAB,NA
Team ANG,ANG,INT
Team Anomaly Breaker,TAB,LAT
Team Arcade,TA,EMEA
Team Arena Online,TAO,NA
Team Ares,TAR,NA
Team Ascent,ACT,EMEA
Team Astral Poke,TAP,NA
Team Atlantis,ATL,EMEA
Team Atlantis Baltics,ATL.B,EMEA
Team AURORA,AUR,EMEA
Team AURORA Academy,AUR.A,EMEA
Team awp,AWP,BR
Team Aze,AZE,LAT
Team BattleComics,BtC,KR
Team BDS,BDS,EMEA
Team BDS Academy,BDS.A,EMEA
Team BLACK,BLACK,EMEA
Team Black,BLK,EMEA
Team BlackEye,TBE,JP
Team Bliss,TB,PCS
Team Brickz,BKZ,NA
Team Cappadocia,CAP,EMEA
Team Charon,CHRN,KR
Team Clarity,CLR,NA
Team Cloud Drake,CLD,NA
Team Coast,CST,NA
Team Coast Gold,CST Gold,EMEA
Team Confusion,CONF,NA
Team Corgi,CRG,PCS
Team Curse,CRS,NA
Team Curse Europe,CEU,EMEA
Team Curse OCE,CRS.O,PCS
Team Dark,Dark,KR
Team Death Knights,TDK,NA
Team DeftFox,DFX,EMEA
Team Differential,Diff,INT
Team Dignitas EU,DEU,EMEA
Team Dignitas OCE,d OCE,PCS
Team Dignitas UK,d UK,EMEA
Team DK,DK,CN
Team DPD,DPD,EMEA
Team Dragon Knights,TDK,NA
Team du Sud,TDS,EMEA
Team Dynamic,DYN,NA
Team Dynamics,DYN,KR
Team Dynamics Academy,DYN.A,KR
Team Dynasty,Dynasty,EMEA
Team E Turner,TET,NA
Team EasyFix Co-Hop,EFC,EMEA
Team Echo Zulu,EZ,EMEA
Team Echo Zulu Tribe,EZT,EMEA
Team Eclypse,EC,EMEA
Team Eloblade,ELOB,EMEA
Team Empire,EMP,INT
Team EnVyUs,NV,NA
Team ESCA Gaming,ESCA,EMEA
Team ESCA Gaming Female,ESCA.F,EMEA
Team Exile5,X5,PCS
Team FeaR,FR,NA
Team Fighter,TF,CN
Team Fire,Fire,INT
Team Fish Taco,TACO,NA
Team Flash,FL,PCS
Team Flux,FLUX,EMEA
Team Forge,4G,EMEA
Team Forge Academy,4GA,EMEA
Team Forge Ichnos,4GI,EMEA
Team Fracture,TF,NA
Team FragZone,FZ,EMEA
Team Front,TF,NA
Team Frostbite,TFB,NA
Team Furca,FA,EMEA
Team Fusion,FSN,NA
Team gamed!de,GDE,EMEA
Team Gates,TG,NA
Team Genesis,GEN,BR
Team Genji,Genji,EMEA
Team GO,GO,EMEA
Team GO Aurora,GOA,EMEA
TEAM GR1,GR1,EMEA
Team Green Forest,TGF,NA
Team Heretics,TH,EMEA
Team Hex,HEX,INT
Team Horizon Reapers,THR,EMEA
Team Hunters,TH,KR
Team Hurricane,TH,CN
Team Ice,Ice,INT
Team Imagine,IMG,NA
Team Immunity,IM,PCS
Team Impulse,TIP,NA
Team Infamous,IFM,EMEA
Team Infernal Drake,INF,NA
Team Infinite,IFN,PCS
Team Infused,INF,EMEA
Team Innova,i9,BR
Team Insidious,INS,EMEA
Team Just,TJ,INT
Team Just Alpha,Just A,INT
Team Just Challenger,TJ.C,INT
Team Just Ice,J.ICE,INT
Team Kamikaze,KMZ,JP
Team King,KNG,CN
Team Kinguin,TK,EMEA
Team KTHXBAI,KTHXBAI,PCS
Team KungFu,TKF,CN
Team Legion,TL,EMEA
Team Liquid,TL,NA
Team Liquid Academy,TL.A,NA
Team Liquid Challengers,TLC,NA
Team Liquid First,TLF,NA
Team Livemore,LM,CN
Team LoL Cave,TLC,INT
Team LoLPro,PRO,NA
Team Majesty,MAJ,INT
Team Manila Eagles,TME,PCS
Team Matrix,MTRX,NA
Team MCES,MCES,EMEA
Team MCES Academy,MCES.A,EMEA
Team MegashocK,TMsK,EMEA
Team Mist,TM,INT
Team Mistral,MTL,EMEA
Team MoonZone,MZ,EMEA
Team Moops,MPS,EMEA
Team Mountain Drake,MTN,NA
Team MRN,MRN,NA
Team NB,NB,KR
Team Nerotec,NTC,EMEA
Team No Limit,TnL,INT
Team NomNom,NOMN,NA
Team Nv,Nv,PCS
Team nxl,nxl,PCS
Team Occupy,OPY,INT
Team Ocean Drake,OCN,NA
Team Omniscius H,TOSH,EMEA
Team oNe eSports,ONE,BR
Team One Shot,ONE,EMEA
Team OP,OP,KR
Team Oplon,OPL,EMEA
TEAM ORANGE,TO,CN
Team Orion,ORN,INT
Team Orora,Orora,EMEA
Team Overclockers UK,OUK,EMEA
Team Ozone Cutie Monsters,OZCM,PCS
Team Paradox,TPX,EMEA
Team Pending,TBA,NA
Team Phantasma,TP,EMEA
Team Phantasma Community,TPC,EMEA
Team Phoenix,PHX,CN
Team PHZ,PHZ,EMEA
Team Pinnacle,TP,CN
Team Pique Sel,PXXL,EMEA
Team Plague,PLG,EMEA
Team Plink,TP,NA
Team Proioxis,PRS,PCS
Team Property,prOp,EMEA
Team QLASH Academy,QLS,EMEA
Team Queso,TQ,EMEA
Team Quetzal,QzL,LAT
Team Rapid,RPD,NA
Team Refuse,RFS,EMEA
Team Regicide,RGC,PCS
Team Retric,Retric,EMEA
Team Revive,Revive,EMEA
Team Rigel,Rigel,PCS
Team Riverside,TRS,EMEA
Team RM,RM,CN
Team ROCCAT,ROC,EMEA
Team ROCK,ROCK,EMEA
Team Rocket,TR,EMEA
Team SalsaLoL,TSL,EMEA
Team Same Mordeczki,TSM,EMEA
Team Sampi,SMP,EMEA
Team Secret,TS,VN
Team Server-Forge,sForge,EMEA
Team Singularity,SNG,EMEA
Team Sky,SKY,NA
Team Solo Mebdi,TSM,EMEA
Team SoloMid Evo,TSM.E,NA
Team Spirit,TSPT,INT
Team Summon,TS,NA
Team Sypher,Sypher,EMEA
Team Tempest,TMP,NA
Team Terrigen,TG,PCS
Team THRLL,TRL,EMEA
Team THRLL Academy,TRL.A,EMEA
Team Tony Top,TTT,NA
Team TowerDiveTV,TDTV,NA
Team Turquality,TT,EMEA
Team Turquality RED,TT RED,EMEA
Team Ultra Vires,TUV,EMEA
Team United,United,BR
Team UNiTY,UNY,EMEA
Team Universe,UNI,EMEA
Team Vitality,VIT,EMEA
Team Vitality Academy,VIT.A,EMEA
Team Vulcun,VUL,NA
Team W3,W3,CN
Team WE,WE,CN
Team WE Academy,WE.A,CN
Team WE Dreams,WED,CN
Team WE Future,WEF,CN
Team WeForge,WFE,EMEA
Team Whales,TW,VN
Team WinFakt,WinFakt,EMEA
Team WK,WK,INT
Team Yetti,TY,INT
Team Zan,ZAN,JP
Team Zhonyas Revolution,TZR,EMEA
Team Zoose,TZ,NA
TEAM4NOT,4N,NA
TeamHopeLess,THL,INT
Teamless,TEAM,EMEA
TeamOrangeGaming,TOG,EMEA
Tech Titans,7T,INT
Tectonic,TTC,PCS
Tectonic Academy,TTA,PCS
Tempered Fate,TF,EMEA
Tempest Gaming,TPG,NA
Tempo Storm,TS,NA
Tesla E-Sports,TeslaE,INT
Tesla Gaming,TSL,INT
Test Your Limits,TYL,EMEA
Texas A&amp;M University,TAM,NA
Texas Tech University,TTU,NA
TFK,TFK,LAT
The Agency,AGC,EMEA
The Black Lotus,TBL,INT
The Black Magic,TBM,INT
The Brunch Club,TBC,NA
The Chiefs Black,CFB,PCS
The Expendables,EXP,NA
The Final Tribe,TFT,EMEA
The Fox Sound,TFS,EMEA
The French Zoo,ZOO,EMEA
The Kings,TK,LAT
The Kings Academy,TK.A,LAT
The Kings Moon,TKM,LAT
The Largest Salary,TLS,INT
The Last Dance,TLD,NA
The Last Monk,TLM,EMEA
The League of Extraordinary Monsters,LXM,NA
The Longest Yard,TLY,NA
The Mighty Midgets,THE,EMEA
The Nameless,NE,NA
The Natives,TNT,PCS
The Northern Front,TNF,NA
The Plan,TP,EMEA
The RED,RED,INT
The Salad Bar,TSB,NA
The Spawn Esports,SPN,EMEA
The Tower,TT,EMEA
The Walking Zed,TWZ,NA
Third Party,3P,NA
Thirsty Chinchillas,TCH,PCS
Thunder Awaken,TA,LAT
ThunderBot SPARTA,TBS,EMEA
Thunderclouds E-Sports,TC,INT
ThunderFlash,TF,EMEA
ThunderoBot Gaming,TRG,CN
ThunderTalk Gaming,TT,CN
ThunderTalk Gaming Young,TT.Y,CN
ThunderX3 Baskonia,BKN,EMEA
THUNDR Esports,TDR,EMEA
Tick Trick and Duck,TTD,EMEA
Tigris eSports,TIG,EMEA
Tiktok Tony Top,TONY,NA
Till Dawn,TDW,PCS
Timeout Esports,TO,EMEA
Timeout Esports Academy,TO.A,EMEA
Tindastóll,TND,EMEA
Titan Catipay,TC,CN
TITANS ESPORTS,TITANS,INT
Titans Gaming Center,TGC,INT
TKA E-Sports,TKA,EMEA
TM Gaming,tM,PCS
TNC Pro Team,TNC,PCS
TNU Eagle (東南飛鷹),TNU,PCS
Tồ Gaming,TG,VN
Together Esports,TE,EMEA
Tomorrow Esports,TMR,LAT
Tongtex Suns (東泰太陽),TS,PCS
Tony Parker Adequat Academy,TPAA,EMEA
TOOOLS esports,OOO,EMEA
Top Dog Gaming,TDG,NA
Top Esports,TES,CN
Top Esports Challenger,TESC,CN
TopHard Esports,TH,LAT
ToxicFalcons eSports,TF,EMEA
ToxicFalcons eSports Belgium,TF.BE,EMEA
ToxicFalcons Oldschool,TF.OS,EMEA
TrainHard eSport,TH,EMEA
Trance's Tyrants,TTS,NA
Tricked Esport,TRC,EMEA
Tricksters,TRX,INT
Trident Esports,TRI,PCS
Triple Esports,TRP,EMEA
Triumphant Song Gaming,TSG,CN
True eSport,TeS,EMEA
TSM,TSM,NA
TSM Academy,TSM.A,NA
TSM Amateur,TSM.Am,NA
TSM Challengers,TSMC,NA
TSM Darkness,TSD,NA
Tt Dragons Taiwan,TTD,INT
Tt eSPORTS Dragons,TTD,EMEA
Tundra Gaming,TDG,EMEA
Turing eSports,TS,EMEA
Twareg Esports,TWG,INT
TWELVE,12,CN
Twisted Minds,TM,INT
Two-eyed Monsters,2eM,JP
TWOTWOEIGHT,228,INT
TyLoo,TL,CN
U Rage QuiT,URQ,INT
UCAM Penguins,UCAM,EMEA
UCAM Penguins Academy,UCAM.A,EMEA
UCAM Tokiers,UCAM,EMEA
UCAM Tokiers Academy,UCAM.A,EMEA
Ultimate Gaming,ULT,PCS
Ultimate Senpai,USP,PCS
Ultra Prime,UP,CN
Ultra Prime Academy,UPA,CN
Umbra Collective,UC,NA
Umbra Divinus Gaming,UDG,EMEA
Undead Gaming,UBK,LAT
Underdog,UDG,PCS
Underworld Esports,UWE,EMEA
Unfazed Esport,UFZ,EMEA
Unicorns of Love,UOL,EMEA
Unicorns of Love Sexy Edition,USE,EMEA
Unicorns of Love.CIS,UOL,INT
UniQ Esports Club,UNIQ,EMEA
Universidad Católica Esports,UC,LAT
Universidad de Chile Esports,UCH,LAT
Universitario Esports,UE,LAT
University of British Columbia,UBC,NA
"University of California, Irvine",UCI,NA
"University of California, Los Angeles",UCLA,NA
"University of California, Riverside",UCR,NA
"University of California, San Diego",UCSD,NA
University of Colorado Boulder,CUB,NA
University of Illinois at Urbana-Champaign,UIUC,NA
University of Louisiana at Lafayette,UL,NA
"University of Maryland, College Park",UMD,NA
University of Michigan,UM,NA
"University of Minnesota, Twin Cities",UMN,NA
University of Mississippi,MISS,NA
University of Missouri Columbia,MIZZ,NA
University of North America,UoNA,NA
University of Ottawa,UO,NA
University of South Florida,USF,NA
University of St. Thomas,UST,NA
University of St. Trevor,UST,NA
University of Texas at Austin,UT,NA
University of Texas at Dallas,UTD,NA
University of Toronto,UT,NA
University of Toronto Scarborough,UTSC,NA
University of Washington,UW,NA
University of Waterloo,UW,NA
University of Western Ontario,UWO,NA
Unknowns Gamers,UKG,LAT
Unlimited Potential,UP,CN
unRestricted eSports,UNR,NA
Unsold Stuff Gaming,USG,JP
Upper Echelon,UE,EMEA
Uppercut esports,UP,BR
UQ Union,UQU,PCS
UTM Esports,UTM,VN
UTS Esports,UTS,PCS
V Gaming,VGE,VN
V Gaming Adonis,VGA,VN
V3 Esports,V3,JP
V3 Esports Academy,V3.A,JP
V3 Esports Youth,V3.Y,JP
V3 New Generation,V3NG,JP
V5 87,87,CN
v8 eSports,V8,NA
Vaevictis eSports,VS,INT
Vaevictis Syndicate,VVS,INT
Val 2.0 Valkyrie,VLV,EMEA
Valencia CF eSports,VCF,EMEA
Valhalla Vikings,VV,EMEA
Valiance,VPG,EMEA
Valkiria Esports,VLK,EMEA
Valorous,VAL,LAT
Valyrian Dragons,VD,EMEA
Vandals Esports,VAN,LAT
Vanir,VNR,EMEA
Vanung Lion (萬能雄獅),VL,PCS
Varona Esports,VAE,EMEA
VAULT,VLT,LAT
VC Gaming,VC,CN
Vector Gaming,VG,EMEA
Vega Squadron,VEG,INT
Vegas Inferno,INF,NA
Velocity eSports,VES,NA
Veni eSports,VENI,EMEA
Venomcrest Esports,VNC,EMEA
Ventus Esports,VT,EMEA
Verdant,VER,EMEA
Verity Esports,VE,NA
Vertex Esports Club,VTX,PCS
Vestigial,VTL,PCS
Vexo eSports,VEXO,NA
Vici Esports,VE,CN
Vici Gaming,VG,CN
Vici Gaming 2,VG 2,CN
Vici Gaming Academy,VGA,CN
Vici Gaming Potential,VGP,CN
Vici Potential Gaming,VGP,CN
Vici Star Gaming,VG.S,CN
Victorious Ace,VA,EMEA
Victorious Gaming,VTG,CN
Victory Five,V5,CN
Victory Song Gaming,VSG,CN
Vietnam Esports TV,VETV,VN
VietSun Esports,VSE,VN
Viking Esports,VIK,EMEA
Vikingekrig Academy,VIK.A,EMEA
Vikingekrig Esports,VIK,EMEA
Vikings Gaming,HNV,VN
Villarreal QLASH,VIL,EMEA
Vince Te Ipsum Ignis,vTi Ignis,BR
Vince Te Ipsum Nox,vTi Nox,BR
VININE,V9,EMEA
Viperio,VIP,EMEA
Vipers,VIPS,LAT
Vipers Inc,VIP,EMEA
Vireo.Pro,VIR,NA
Virginia Polytechnic Institute and State University,VT,NA
Virtual Reality Game,VRG,CN
Virtuoso Gaming,VSG,KR
Virtus Legion,VL,INT
Virtus.pro,VP,INT
VIRUS,VS,EMEA
VIS eSports,VIS,EMEA
Visual Perception,VP,EMEA
VITA,VITA,EMEA
Vitality.Bee,VITB,EMEA
ViV Esport,ViV,EMEA
Vivo Keyd,VK,BR
Vivo Keyd Stars,VKS,BR
Vivo Keyd Stars Academy,VKS.A,BR
Vodafone Giants Academy,VGIA.A,EMEA
Vodafone Giants White,VGIA.W,EMEA
Void Esports Fear,VDE.F,EMEA
Void Gaming,VG,EMEA
Void Gaming Phenomenon,VGP,EMEA
Void Purple,Void P,EMEA
Vorax Liberty,VRX,BR
Vorax Liberty Academy,VRX.A,BR
Vortex,VTX,NA
Vortex Five,V5,EMEA
Vortex Gaming,VTX,LAT
Vortex Team,VT,CN
VP Game,VP,CN
VSG,VSG,KR
VSlash GnG,VSG,INT
vVv Gaming,VVV,NA
vVv Gaming Red,VR,NA
vVv Gaming White,VW,NA
Waia Snikt,WS,LAT
Wan Yoo,WY,CN
WannaBeWithYou,WBY,INT
WanZhen Esports Club,WZ,CN
WAP Esports,WAP,LAT
War Legion Esports,WLE,LAT
Wargods,Wargods,PCS
Wargods La Liga Pilipinas,WG.LLP,PCS
WarKidZ E-Sports,WKZ,EMEA
Warthox,WTX,EMEA
WAVE Esports,WAVE,EMEA
WaY,WaY,KR
Wayi Spider,WS,INT
Wayi Spider China,WS,CN
Wazabi Gaming,WZG,NA
We Talent,WT,LAT
Webidoo Gaming,WBD,EMEA
Weibo Gaming,WBG,CN
Weibo Gaming Youth Team,WBG.Y,CN
WeSports,WES,EMEA
West Point Esports,WPE.PH,PCS
Western Esports,WEST,NA
Western Wolves,wW,EMEA
WhereAreyouFrom,WAF,KR
White Bears eSports,WB,LAT
White Dragons,WD,EMEA
Wichita Wolves,WW,NA
Wicked Gaming,WG,EMEA
WiLD Academy,WiLD.A,EMEA
Wild Fire e-Sports Club,WF,EMEA
Wild Jaguars,WJ,LAT
WiLD MultiGaming,WiLD,EMEA
Wild Panthers Esports,WPE,EMEA
Wild West Bandits,WWB,NA
Wildcard Aces,WCA,NA
Wildcard Gaming,WC,NA
Wildcard Gaming Black,WCB,NA
Wildcard Gaming Developmental,WCD,NA
Wildcard Gaming Red,WCR,NA
WIN Esports,WIN,PCS
Wina Krzycha,WK,EMEA
Wind and Rain,WAR,EMEA
Wind and Rain Balkan,WAR.B,EMEA
Wind and Rain Germany,WAR.G,EMEA
Wind and Rain NA,WAR.NA,NA
Wind and Rain Nordic,WAR.N,EMEA
Windstorm Gaming,WS,NA
Wings of Aurora,WOA,CN
WingsOflibeRty,WOR,INT
Winners,WNS,KR
Winston King of Amateur,KOA,NA
Winterfox,WFX,NA
Winthrop University,WU,NA
Wisła Płock eSports,WP,EMEA
Wizard esports,WIZ,EMEA
Wizards,WIZ,EMEA
WLGaming Esports,WLG,EMEA
WNKR,WNKR,EMEA
Wolf Club Esports,WCE,LAT
Wonder Stag e-Sports,WSE,EMEA
World Class Empyreans,WCE,NA
Wortex Gaming,WTX,EMEA
WP Gaming,WP,BR
wSystem e-Sports Club,wSys,EMEA
WuDu,WD,CN
Wulf Pack Esports,WP,NA
WYDream,WYD,CN
Wygers Argentina,WYG,LAT
Wygers Colombia,WYG,LAT
x25 Esports,X25,EMEA
x6tence,x6,EMEA
x6tence Academy,x6.A,EMEA
x6tence México,x6.M,LAT
X7 Ascent,X7.A,EMEA
X7 Esports,X7,EMEA
XAL Esports,XAL,EMEA
Xan,XAN,PCS
Xavier Esports,XAV,PCS
XD,XD,KR
XD Prinfor,XD,EMEA
XD Prinfor B,XD.B,EMEA
XDG Gaming,XDG,NA
Xenics,XEN,KR
Xenics Blast,XB,KR
Xenics Storm,XS,KR
Xgame,XG,PCS
XGamers,XG,INT
Xoldiers,XOL,EMEA
XPG Invicta,XPG,EMEA
XT Esports,XT,NA
XTEN Esports,XTN,LAT
XTEN Mexico,XTN.M,LAT
XTGN,XTGN,NA
XtremeDominators,XD,EMEA
XY Esports,XY,EMEA
XYZ,XYZ,KR
y so E-Sports,YSO,NA
Y.O.L.O.,Y.O.L.O.,NA
YDN Elysium,YDN.E,EMEA
YDN Esports,YDN,EMEA
YDN Legion,YDN.L,EMEA
YeaH! Gaming,YeaH,BR
Yellow Stripes,V,EMEA
York University,YU,NA
YouCantStopMe,YCSM,INT
Young Boss,YB,KR
Young Buffalo,YB,VN
Young Generation,YGE,VN
Young Glory,YG,CN
Young Miracles,YM,CN
Young Ninjas,YN,CN
Your Exit,YE,INT
Your Soul Shall Chuffer,YSSC,PCS
Youth Warriors (青年勇士),YW,PCS
YouthCrew Esports,YC,EMEA
Yutoru,YTR,EMEA
ZAGA Talent Gaming,ZTG,INT
Žalgiris Esports,ZAL,EMEA
ZeBopSquad,ZEBO,NA
Zeeman,ZEE,EMEA
Zen Aïe Tea Refugees,ZAT,EMEA
Zenigma,ZEN,NA
Zenigma Eclipse,ZEN.E,NA
Zenigma Lunar,ZEN.L,NA
Zenigma Solar,ZEN.S,NA
Zenith Esports,ZEN,NA
ZennIT,ZNT,EMEA
ZentaX Esports,ZTX,EMEA
Zephyr E-Sport White,ZPR.W,EMEA
Zephyr Esport,ZPR,EMEA
Zephyr Esport Academy,ZPR.A,EMEA
Zephyr Esport Red,ZPR.R,EMEA
Zero Six PowerSpike,06,EMEA
Zero Tenacity,Z10,EMEA
Zerolag Esports,HELL,EMEA
Zerolag Esports Academy,ZRL.A,EMEA
ZeroSeven Gera,07,EMEA
ZeroZone Gaming,ZZG,EMEA
ZETA,ZTA,EMEA
Zeta Team,Z,EMEA
Zeu5 Bogota,Z5,LAT
Zeu5 Gaming,Z5,INT
Zeus Kralik,Z5K,LAT
Zodiac Esports,ZDC,NA
Zoltak Legion,ZK,INT
ZONE eSports,ZONE,EMEA
Zooby's Kittens,ZBY,NA
Zoos Gaming,ZOO,NA
ZOTAC United,ZOT,PCS
ZTR Gaming,ZTR,CN
Zwan Gaming,ZWN,LAT
Zwan Gaming Academy,ZWAN,LAT
Zwan Gaming Colombia,ZWN.C,LAT
Zwan Gaming Mexico,ZWN.M,LAT
Zylant Esports,ZLT,LAT
DAMWON Gaming,DK,KR
DWG KIA,DK,KR
Epik Gamer,EPIK,NA
Team Pacific,PCFC,PCS
CLG Prime,NRG,NA
NaJin Sword,NJBS,KR
Moscow Five,M5,INT
GamingGear.eu,GG.EU,INT
Samsung Ozone,SSW,KR
Star Horn Royal Club,RYL,CN
KOO Tigers,HLE,KR
Lyon Gaming (2013 Latin American Team),LYN,INT
GIGABYTE Marines,GAM,VN
SuperMassive Esports,SUP,EMEA
Afreeca Freecs,KDF,KR
Griffin (Korean Team),GRF,KR
Rainbow7,R7,LAT
Rogue (European Team),RGE,EMEA
PEACE (Oceanic Team),PCE,PCS
Evil Geniuses.NA,EG,NA
Istanbul Wildcats,IW,EMEA
